id_anchor,degree_anchor
4664,200
15583,164
3247,165
55,93
19390,44
17739,71
59,200
3766,200
15906,39
13251,82
8969,200
9940,200
19378,200
14129,135
4167,200
12529,200
13738,200
12533,52
449,200
17071,150
7450,200
10587,168
15037,40
1975,200
2145,171
12982,82
16535,200
997,152
12233,65
12999,200
13667,200
14795,200
11781,200
5089,173
11924,200
18599,128
2559,200
3687,200
16534,66
14233,200
5470,200
16955,156
3682,200
12747,200
6546,97
3945,200
10296,200
11395,200
16870,200
6285,63
19366,9
18873,141
1504,200
18724,200
7439,198
4933,178
19365,6
1077,139
9455,189
8156,200
18399,200
104,200
19353,89
15506,83
16835,113
4079,200
15575,200
17970,152
15909,200
13760,127
8071,76
17006,200
17985,200
4980,103
796,68
3794,200
19433,46
13866,200
4413,200
14046,200
3629,200
16305,200
16306,200
7285,77
16217,111
2837,200
5415,200
8138,200
17069,200
13849,200
6858,200
14369,172
17511,200
15263,186
12000,82
212,200
7460,200
9733,200
2826,200
344,89
161,200
5069,200
3508,200
16992,200
17966,40
627,200
7016,200
5626,200
12698,138
415,144
16629,200
126,75
19113,88
13826,200
11271,200
10749,200
613,200
11766,81
19126,200
10960,200
6161,119
2509,200
1763,200
9303,117
15684,165
5341,200
5072,200
18295,200
10372,200
15594,200
18090,139
8213,44
5788,200
7619,200
1019,117
4115,200
12451,200
17227,50
10849,200
14589,200
182,200
16647,140
14508,115
15257,200
17102,200
18368,74
4921,200
17880,200
288,162
16241,137
18334,200
6660,200
780,200
7171,200
5103,200
18340,200
3357,153
3827,200
312,200
12778,200
10932,200
18850,200
5144,59
17914,200
7808,200
10933,124
8825,200
6525,200
6147,200
12019,200
19178,41
10876,200
3523,200
17580,200
297,200
11977,200
1353,138
1877,200
9725,200
1481,144
4522,200
18328,200
3755,124
1844,146
7635,200
13543,200
5562,200
993,38
18846,200
14558,132
7748,121
7487,64
7135,200
1565,200
17188,200
7422,200
17753,179
17734,109
13124,200
16836,70
637,200
2304,200
13232,200
1889,78
10115,52
10124,83
603,200
1092,102
7757,30
11691,197
10999,200
12940,200
5604,187
9831,129
17512,118
13838,186
18586,200
205,200
5599,200
207,199
1901,79
152,200
5603,200
13900,7
11557,200
8832,177
19305,52
17724,200
12103,200
7899,99
4913,200
4922,200
8846,200
11019,200
17444,163
18423,176
14092,200
12126,200
14425,122
667,200
13426,200
16133,200
12661,200
13347,144
138,200
17853,112
462,97
10968,200
2916,112
18468,78
2533,200
13344,61
9523,134
10976,200
7412,200
253,180
19319,187
10171,200
11934,200
17134,104
9282,200
1065,94
6865,200
16859,163
18553,36
13987,200
5833,193
9190,200
9703,200
284,200
303,200
15213,200
9017,200
2719,200
7433,200
6930,200
8868,200
7451,200
4883,200
865,200
8965,200
8163,200
18212,134
5488,200
3076,200
6808,200
9004,200
2846,118
3925,41
15696,115
9022,200
12320,83
11147,85
7491,187
4352,200
5898,106
1818,91
965,54
3936,118
17415,74
11860,200
7010,200
1401,200
6407,200
2077,183
17639,149
940,81
12630,200
10492,200
18768,139
6402,200
3289,120
19130,73
13985,200
2691,200
7357,181
18657,175
16981,131
888,200
17645,138
14823,160
12644,200
10568,200
9676,200
8910,200
18063,160
9935,200
19138,72
2546,153
13574,114
14071,200
11174,104
5444,200
5204,132
5201,86
16317,200
16943,127
13207,47
18289,200
289,200
8840,200
9064,200
11921,200
4504,200
13354,200
14443,200
15130,200
9660,200
18948,200
2657,200
2664,200
2838,200
17831,200
7208,200
1100,200
6246,200
8751,200
5332,200
5371,200
4395,200
1955,200
9856,200
3501,200
5777,200
2654,200
17832,200
17459,61
19209,200
17568,125
6816,95
18953,200
250,93
252,99
4896,200
259,90
8319,189
1294,108
12995,200
5281,200
304,162
4102,200
13331,142
16506,200
18579,15
18330,200
12463,200
10026,200
11567,200
7667,126
17406,110
16492,200
584,185
883,200
12664,200
3918,96
5083,200
4481,200
6221,200
13827,200
18074,200
3400,197
19118,141
11931,200
15170,200
12462,64
10945,200
8915,200
2162,200
19225,88
12503,178
17494,31
1256,125
1902,56
5608,200
15962,179
175,146
8086,200
1749,200
1837,200
200,200
15270,200
15702,200
4357,200
6259,200
17684,111
7574,27
11617,41
18803,45
12707,200
2573,200
18218,27
11386,55
1922,172
1450,158
19032,168
17190,138
4172,200
3864,200
15916,200
651,200
1714,200
3012,169
2011,200
9466,200
9895,200
1432,139
15424,80
15785,200
16627,200
14858,200
4817,93
214,200
3980,200
7245,190
10467,105
18712,42
5176,157
12221,199
2406,148
1534,196
17763,200
9766,200
16437,200
800,200
7825,200
12100,200
12532,200
7566,200
14635,80
10563,50
13140,200
8659,200
4437,200
11502,200
13561,200
3211,200
1766,200
2030,200
12906,200
12586,200
4897,200
7220,200
9081,200
1833,200
18310,101
15687,96
19267,200
7248,200
14469,200
1094,200
3547,200
8687,200
4606,200
7945,200
433,78
191,157
17691,200
189,85
3870,200
186,150
8214,200
10138,200
3030,200
10365,200
2180,68
12686,91
11930,200
1910,120
1911,127
18383,85
13421,144
8167,200
5208,185
15372,193
13776,114
224,126
15178,200
10520,200
10998,194
4017,200
7471,200
17742,153
9981,157
17373,182
16756,200
3098,17
893,135
18709,200
17996,160
6604,178
13346,200
7467,200
12964,107
13078,200
4329,200
795,110
5418,134
10787,200
11854,200
18001,200
5689,200
2504,200
15045,134
15153,200
18161,200
2785,165
707,198
10689,199
7377,200
18793,22
7787,200
17614,141
2792,156
15043,188
6035,165
7438,200
14138,200
17021,200
5342,164
12528,200
12490,183
15246,200
11376,200
8504,133
1522,200
18171,63
3645,200
18951,70
7793,200
1593,142
17028,200
572,55
15733,200
11625,200
5980,137
1282,200
10023,73
2209,200
19337,27
16666,46
11776,200
5645,200
1083,101
16458,200
10190,200
6173,200
8016,200
302,92
11698,200
4101,148
4541,105
8535,200
2604,77
6731,200
5116,200
19228,47
10422,95
245,44
6658,200
16667,200
7423,200
19007,68
7699,200
7420,200
2704,200
11020,200
982,200
16372,200
3264,200
10320,200
6711,200
9057,200
2486,200
3621,200
8667,200
7104,200
5814,200
422,200
857,200
3277,200
1128,200
6811,200
394,97
9995,150
2658,200
5857,200
5567,93
19363,200
5624,200
4131,200
17871,154
9826,200
5827,200
14394,171
15959,200
17740,98
9077,200
6504,200
8162,200
19019,200
16573,200
8919,145
8722,191
5462,200
12794,200
14127,172
554,67
9805,200
13427,155
13534,200
5719,200
2617,50
19031,106
11665,200
9921,94
568,200
1903,200
12650,200
17070,200
1895,154
18091,20
17733,76
11775,200
7663,79
12042,200
16044,41
9638,38
7847,115
16966,16
18749,64
9656,200
13035,200
15218,200
3017,200
1380,178
7373,200
2188,200
13299,200
14759,200
4974,114
18515,200
4960,200
12619,193
11763,200
7046,200
2523,200
12912,200
5945,200
5180,200
3930,200
10494,86
11039,106
4099,200
13800,169
9686,200
16107,96
7237,200
9729,200
9745,78
4858,200
16187,200
1469,200
11165,200
18656,154
4626,200
847,200
1738,85
15599,200
16580,200
12806,200
4405,200
17546,147
14019,200
2025,200
12543,200
5178,190
10243,200
15084,200
3185,200
11805,200
8940,200
13146,200
5450,200
12098,200
12002,200
5345,200
15190,200
13663,80
11589,200
1981,200
14463,200
82,199
12711,152
17279,195
14989,200
13549,200
17788,200
6063,191
8426,172
17791,47
14157,200
14249,200
2781,40
8556,200
380,124
5881,152
12771,200
13087,200
5672,200
7773,200
11439,152
19034,137
10062,83
14658,27
7485,200
19190,200
2855,200
961,200
3738,200
1699,200
17107,120
4911,200
15483,78
5589,200
10755,200
6162,200
750,200
920,200
17436,200
14333,200
5661,200
5836,200
17969,200
3350,200
4679,192
19030,200
16657,55
13280,200
4757,200
14054,200
18758,200
9156,200
1324,200
9183,200
4026,80
10774,200
13066,200
9012,200
16340,56
10770,200
10916,200
6556,200
12571,200
17862,200
13727,200
9384,200
5347,200
18154,200
13174,200
3909,198
3881,200
5997,200
7459,200
14787,200
13656,170
9944,200
9721,200
1045,110
11881,114
14200,139
15301,114
10399,64
12024,200
14971,138
157,200
1033,200
18567,30
2633,97
7161,200
841,64
14210,163
9741,200
13119,200
18732,87
15266,200
9765,200
15240,200
18780,134
9181,184
18135,91
9095,50
10534,76
7408,118
3191,200
14845,200
12053,200
9007,200
17986,200
8283,200
9124,37
10779,200
18172,132
1605,200
201,200
4512,144
12691,54
17272,173
8742,200
1099,200
13237,200
5746,114
17770,200
11613,200
8227,200
15917,200
1066,143
16078,144
8593,200
19162,56
13774,200
5487,200
15649,200
18705,38
2429,49
2232,141
7352,200
1370,200
5893,94
12379,172
5865,200
7287,200
1240,200
2002,200
19233,65
2069,200
5823,43
11915,200
1296,200
19218,101
10896,200
222,200
986,200
16900,200
16867,133
1156,194
11043,60
6289,200
7966,200
15559,200
4415,200
12093,200
14986,42
19304,31
15655,200
19306,48
12159,141
7189,200
7919,200
1916,90
18897,14
10956,200
2377,135
3661,200
8496,200
15498,155
13700,67
578,200
13177,200
7255,200
11997,200
9242,43
6612,200
14872,157
836,200
17903,22
10974,130
19106,127
10784,200
1381,200
3111,200
5148,86
4593,48
12436,200
296,200
19056,145
13007,195
8340,178
1335,200
4326,200
17080,83
16536,43
11425,130
19339,126
11418,120
17451,138
228,200
10071,192
3592,200
2462,200
12655,198
14178,86
10081,183
10411,78
3923,107
18342,178
16524,200
8625,200
12130,106
8200,90
197,140
12255,200
15484,102
8269,148
12848,199
13414,200
12427,119
19020,194
12083,200
11318,200
11022,78
8398,200
1536,188
565,174
13853,83
2300,64
18163,200
18165,200
715,200
13918,200
6502,200
1034,101
19264,63
6703,144
17064,86
283,200
2487,200
12790,200
8538,200
11771,200
4190,200
14177,200
2360,200
8618,200
8266,200
7573,200
11791,200
2681,200
3074,200
17073,123
1795,200
10590,63
13110,200
4052,80
5496,75
14020,200
5851,200
14901,99
4936,184
13320,200
1229,200
13089,200
9332,134
8114,200
3240,200
6956,200
13811,150
15833,52
12078,90
2683,200
5222,115
5863,184
17827,200
3131,200
16152,122
298,200
4693,200
15717,27
2857,200
14729,73
5886,200
19242,75
3856,200
5495,200
9855,200
13993,200
18895,115
14078,200
2610,31
8346,200
9596,200
7526,200
10886,200
13381,200
14148,200
1075,199
2475,116
4427,40
11355,200
1089,167
17961,46
14145,153
400,172
14619,74
19089,119
9359,200
15021,200
17314,41
5303,200
687,79
14419,200
15891,200
16425,200
17543,200
15271,200
11939,200
2770,200
1517,200
2872,200
8480,200
2816,200
9897,200
2937,200
16186,71
6582,184
12830,200
8823,200
17032,200
18092,47
75,200
4250,200
359,200
18300,200
18947,113
2053,200
618,200
2485,200
13565,20
1678,100
19164,59
12256,125
2692,200
4903,107
4814,200
14897,188
760,200
3323,155
15088,58
9749,200
11690,200
168,86
9336,200
11372,200
18859,96
18336,200
7403,200
4739,200
3055,200
18610,23
18919,200
2671,200
1104,83
11465,200
14244,200
9808,200
1976,200
6884,200
7942,200
12891,200
9903,136
7454,200
5030,99
14015,200
17072,41
5711,200
9401,200
4323,200
12546,143
12069,162
18992,200
3079,200
13109,200
17313,200
6889,200
4070,200
19438,132
2370,200
5399,200
17212,95
16357,64
12615,101
12627,135
1120,185
14525,78
793,200
5729,200
19372,144
3710,200
17303,200
5556,200
12956,200
9613,200
5137,183
10828,113
842,127
3104,35
11846,200
17296,200
7709,200
14947,154
10397,103
3722,200
18665,200
7387,200
7556,200
9776,200
14775,140
7490,200
12642,200
7110,158
2140,200
1908,200
13687,174
4544,131
1193,200
6348,200
6302,200
1525,200
6352,179
4520,200
11053,200
2715,200
2036,200
16902,200
18093,46
15563,200
16097,40
2927,200
15659,30
4589,81
2966,200
13860,151
9148,34
8585,200
15327,188
2669,200
1998,200
1675,199
8952,152
11228,180
1445,200
2176,157
3989,200
308,200
2717,200
17035,200
3202,200
3125,134
18812,105
16123,200
17468,200
5354,84
10613,91
12596,200
14436,24
1600,45
19397,189
1979,200
17203,200
558,74
4221,200
16873,65
18743,77
11953,173
19430,128
17956,200
16606,200
1633,200
16601,200
4246,200
19367,24
13317,200
17764,200
12339,200
13833,200
6110,200
11297,200
1478,200
13178,200
9103,109
2732,179
13909,152
5163,101
15879,200
13257,133
12026,200
19201,67
10173,124
11110,200
12604,200
9954,200
8605,200
147,200
15165,200
16081,147
15956,200
16342,136
16090,82
9967,148
1894,101
2374,200
13560,118
276,200
14286,200
9545,200
14931,200
19151,73
15950,200
5497,200
5112,200
16554,153
12628,200
11701,138
6848,178
16552,120
3969,200
1289,168
15842,104
1343,200
1455,200
10298,200
2332,200
599,200
9592,200
12957,200
15573,200
1051,200
4970,47
12941,96
6953,200
12127,200
140,44
19022,117
15546,200
4094,200
235,175
18514,66
12862,200
11086,43
4499,125
5586,200
10378,200
14444,200
3796,200
7303,200
1046,200
7560,200
7549,200
19358,33
13865,189
10321,184
277,200
12692,200
2987,200
13330,200
470,108
11325,200
11292,198
12210,200
11179,200
2166,200
17982,200
6172,200
4645,200
3307,195
14217,179
17414,200
18811,87
6040,146
9918,73
7472,156
3580,153
7790,200
16262,200
4057,126
2696,174
9654,200
1758,200
18995,200
8092,158
18922,200
642,200
13059,200
903,95
4616,136
9812,200
556,151
5366,200
16351,71
6786,200
15408,200
899,200
3318,68
8789,200
8554,200
13991,200
1115,174
8117,200
9674,200
16324,105
19298,16
10872,200
12633,200
18080,49
19320,200
14942,13
12461,200
15970,200
5090,200
11914,200
14580,200
9223,200
17119,53
11976,200
12429,200
13145,200
5011,131
571,44
14794,200
5983,179
9447,200
11633,200
9648,200
16969,200
5193,200
100,200
14480,200
448,115
19015,98
2587,200
6109,200
8747,30
2820,200
11798,200
11301,200
15902,200
2856,200
8252,124
16985,114
12845,200
3894,200
18146,166
11954,200
11671,200
14332,110
12113,116
10831,79
3942,200
15185,199
5952,200
10189,127
4168,200
12257,200
1658,183
15562,200
14997,200
19269,51
5658,200
5664,200
18508,200
15175,171
15399,200
429,200
18232,64
2513,56
1674,171
16086,125
16368,200
6489,200
14562,200
14814,86
17852,139
5140,200
15944,200
17340,130
18077,57
2295,200
12880,200
8304,200
11795,200
11360,200
17009,167
15409,200
12393,200
9845,200
7562,200
19419,50
14152,200
12632,200
15039,93
17888,200
18120,60
19429,92
7960,200
18945,200
7481,200
6771,200
6208,200
15229,139
7488,200
10860,190
1118,200
10904,186
15669,200
238,200
17446,200
17716,200
11555,200
19024,200
4025,200
16434,200
12925,200
6262,200
2963,165
2172,51
9591,49
13196,200
3831,200
11090,179
15106,194
2880,200
6869,88
9427,200
13941,200
4271,200
7317,200
4074,200
1452,200
2003,200
18122,152
2606,151
10479,94
13530,180
8692,176
3471,200
19420,188
12155,200
9786,171
2045,200
10328,200
18143,128
17170,200
1926,200
14213,158
4618,165
13475,177
7440,137
14125,150
5791,200
6528,126
10620,200
18944,146
4060,200
17725,200
14447,200
19096,180
561,47
17324,67
18062,191
19283,152
17048,39
11365,200
18400,48
17508,128
5655,200
18928,100
14188,200
15915,200
6836,200
7293,107
3938,70
18307,200
18728,29
11306,200
1299,99
11282,200
9138,169
762,153
12963,131
17000,199
12738,200
14101,200
623,200
11295,200
14067,200
2983,200
2670,200
6829,200
2252,200
19335,200
16343,14
15085,42
13466,200
3134,137
16634,81
4211,42
1774,200
15018,200
9875,200
9360,200
7368,200
7289,177
11513,200
3673,200
858,200
19001,200
15748,200
3304,200
7026,200
5799,200
12775,200
17583,200
4841,104
426,200
6399,200
13590,200
16812,181
203,195
11593,200
13720,200
695,200
3950,200
615,200
4061,200
9473,200
900,200
12924,200
2699,200
11947,200
8997,200
5638,200
19394,200
13256,117
6267,200
15662,200
227,177
4209,110
4571,53
162,200
7598,200
11050,61
17909,65
6862,200
11936,200
10270,33
1270,180
13655,200
5856,200
2119,200
6190,200
4901,200
4527,200
16783,173
12237,200
12355,200
12260,104
4421,131
16883,200
15157,200
905,200
2120,200
5182,200
17873,200
361,200
10354,200
13314,168
11530,200
3414,47
16374,200
13009,200
217,200
15155,200
12385,148
5752,200
17878,67
11841,200
11457,169
16570,88
3375,174
10376,200
2097,200
5260,200
9644,200
5431,200
15401,69
17269,65
7678,200
16309,200
19145,63
159,143
7468,200
7534,200
1873,200
6925,200
6537,200
5715,200
8145,200
7524,200
17870,200
209,147
16876,200
10444,165
13884,121
2608,100
15414,200
18326,93
16495,200
4904,200
13399,35
17068,200
6442,200
14174,149
18526,160
13151,200
14066,55
13802,200
14385,200
4762,200
261,200
692,168
9695,200
6237,200
16261,170
13814,200
16337,79
10665,200
15899,200
581,200
18453,31
10713,200
9484,168
17586,38
16076,112
199,170
17416,94
13171,200
15766,133
4945,185
14632,200
12407,200
8642,200
9800,139
10374,200
10536,200
17499,91
1297,200
14621,83
17649,45
9182,200
19194,200
1887,85
5096,200
8466,200
9026,200
4256,200
9986,200
7975,200
16087,133
15256,200
280,200
10627,200
4091,200
3352,200
18710,200
2312,200
7080,35
16710,200
12970,200
15569,200
8493,200
2294,200
2335,200
10966,200
17679,200
9222,200
4348,200
2263,200
18649,200
4615,44
10147,82
13588,200
19065,126
14211,164
19103,18
6342,170
5429,179
13891,200
7518,200
6831,164
10724,200
16637,200
4534,200
5471,200
251,176
16762,75
952,121
10435,200
13500,200
13162,133
17672,115
17665,200
8084,200
9672,200
11995,200
11751,200
770,109
555,200
6095,38
14031,200
12116,88
14662,49
18014,41
19395,200
5936,200
6566,200
6619,200
13429,200
107,200
17015,200
6077,200
9688,200
6799,200
4689,200
8185,200
9187,200
2297,200
5368,200
7949,200
1209,200
213,200
2601,200
17153,200
7337,200
7461,200
12128,200
6461,200
5570,200
1760,200
3533,200
4622,200
1410,200
4692,200
7570,200
16164,200
2847,200
8724,200
4232,200
4993,200
17869,200
9962,200
16768,200
7107,200
17007,200
644,200
346,200
6980,200
4862,200
7126,200
8289,200
1810,200
10935,200
1971,200
1136,200
5798,200
1824,200
2848,200
6740,200
2240,200
16392,200
109,200
5080,200
5520,200
7811,200
1479,200
1558,200
9290,200
6129,200
16529,200
4658,200
11602,200
2941,200
15402,200
2967,200
2282,200
1275,200
7933,200
10043,200
10219,200
2882,200
10302,200
3689,200
8243,200
14943,200
9917,200
1277,200
7653,200
6132,200
19247,200
1454,200
5221,200
2805,200
733,200
17093,200
7837,200
6725,200
6016,200
2814,200
7486,200
7442,200
3613,200
3732,200
2206,200
2919,200
9858,200
11869,200
761,200
1151,200
7388,200
476,200
12740,200
7418,200
10110,200
17008,200
6794,200
13309,200
1059,200
4869,200
8002,200
330,200
12111,200
757,200
2047,200
4668,200
8552,200
4237,200
1661,200
3872,200
1300,200
4857,200
6142,200
5002,200
2092,200
13044,200
10080,200
3886,200
6558,200
17127,200
1792,200
13258,200
4322,200
9972,200
2038,200
11983,200
874,200
2060,200
13359,200
7719,200
15046,200
3441,200
1266,200
12200,200
2769,200
7627,200
526,200
219,200
1983,200
4624,200
2413,200
2682,200
6439,200
7128,200
8451,200
7512,200
3560,200
984,200
413,200
8892,200
3513,200
3000,200
5420,200
12202,200
263,200
11299,200
2672,200
2660,200
12710,200
4276,200
4494,200
914,200
1821,200
4984,200
3059,200
2830,200
4197,200
2943,200
1688,200
1849,200
351,200
2655,200
1994,200
1345,200
2482,200
9701,200
3269,200
2668,200
392,200
369,200
368,200
366,200
375,200
365,200
364,200
363,200
362,200
360,116
358,200
374,200
376,200
393,200
386,124
391,200
439,200
370,200
389,69
388,200
387,200
385,108
377,200
384,50
383,138
382,200
381,200
379,200
378,200
437,200
438,200
390,22
372,182
371,186
432,200
416,200
404,110
403,200
402,200
401,200
399,118
398,112
414,200
417,88
396,127
428,200
436,200
435,200
434,200
431,200
373,200
430,200
427,200
418,200
494,200
425,200
424,200
423,98
421,200
420,35
419,200
397,70
395,117
513,200
367,72
488,200
450,194
493,165
477,38
441,200
442,29
443,87
444,103
445,200
446,83
447,200
577,200
451,200
452,200
453,200
454,200
455,200
456,115
457,200
458,200
459,132
460,200
461,200
463,200
464,200
465,200
466,58
467,200
468,200
469,200
471,200
472,54
473,101
474,200
475,200
407,200
478,200
479,200
440,200
492,107
491,125
490,159
489,155
487,200
496,23
486,59
485,170
484,200
483,200
482,200
481,200
495,112
497,200
506,200
480,200
512,163
511,87
510,69
509,200
508,200
507,151
505,200
498,122
504,143
503,200
502,200
501,46
500,198
499,125
405,200
610,121
408,50
540,200
517,200
532,33
534,89
550,126
543,57
549,189
548,82
547,200
546,141
545,97
544,47
542,200
535,63
541,105
539,145
519,200
538,50
537,75
536,200
598,200
601,200
357,200
656,200
662,200
661,200
660,200
659,200
658,116
657,95
655,200
518,200
520,200
654,200
586,33
580,50
552,126
591,24
597,38
596,200
595,200
594,200
593,200
592,200
590,200
582,200
589,200
588,48
587,135
585,200
521,200
583,177
553,149
551,118
600,200
524,38
531,200
530,200
529,200
528,200
527,47
525,200
523,158
533,95
522,200
664,200
653,52
409,200
635,200
608,200
607,200
606,200
605,200
604,200
621,200
624,200
643,200
634,200
641,200
640,200
639,200
638,200
636,200
633,200
622,200
625,200
632,200
631,200
630,176
629,200
628,200
626,200
516,200
515,115
514,200
406,200
412,22
411,200
410,70
609,69
1346,200
652,200
666,200
650,200
649,186
648,200
663,200
665,200
646,200
675,200
681,106
680,105
679,200
678,200
677,200
676,200
674,159
673,129
612,200
672,200
671,200
670,200
669,200
668,200
647,200
645,200
602,200
611,124
620,34
619,184
617,200
616,97
614,200
1344,200
2031,200
1347,57
2158,200
2012,161
2013,200
2014,168
2015,67
2016,200
2009,55
2040,200
2268,200
2042,163
2065,200
2066,200
2067,200
2068,200
2070,200
2010,57
2008,200
2018,114
2007,178
2006,57
2005,200
2004,71
2001,58
2000,75
2017,148
2019,200
2039,200
2029,105
2037,54
2035,200
2034,200
2033,200
2071,200
2064,200
2072,200
2062,200
2266,200
2265,200
2264,200
2161,200
2160,200
2159,200
2052,200
2059,27
2058,200
2057,166
2056,200
2055,200
2054,200
2051,200
2050,121
2074,200
2049,200
2048,200
2046,200
2044,200
2043,200
2061,200
2063,200
2041,200
2073,200
2080,200
2079,200
2078,189
2076,200
2075,200
2032,200
559,61
2028,200
2098,200
2150,200
2142,200
2149,159
2148,200
2147,200
2146,200
2144,200
2143,200
2123,166
2122,200
2121,64
2093,200
2100,200
2099,200
2096,200
2153,96
2095,200
2094,200
2091,200
2118,200
2090,200
2089,200
2088,155
2087,200
2086,200
2085,200
2101,200
2102,200
2103,187
2104,120
2152,145
2154,129
2020,200
2133,200
2027,200
2026,176
2024,200
2023,200
2022,200
2021,151
2081,200
2082,200
2083,82
2131,200
2137,200
2136,200
2135,141
2134,170
2132,200
2155,143
2130,200
2139,200
2129,200
2128,138
2127,123
2126,200
2125,65
2124,200
2138,188
2141,200
2084,200
2151,118
2157,68
2156,200
2267,200
2269,200
2213,107
2173,44
2165,200
2167,163
2168,74
2169,200
2182,200
2170,200
2174,26
2262,200
2175,79
2177,81
2178,200
2179,200
2171,200
2241,88
2164,165
2163,142
2181,80
2183,200
2200,200
2193,200
2199,80
2198,116
2197,200
2196,200
2195,88
2194,200
2192,200
2184,200
2191,200
2190,53
2189,200
2201,200
2203,200
2224,200
2220,200
2219,200
2218,83
2217,200
2216,200
2215,200
2214,200
2212,200
2221,110
2211,200
2210,178
2208,200
2207,52
2205,185
2204,200
2222,168
2225,200
2202,200
2231,78
2238,136
2237,200
2236,200
2235,200
2234,200
2233,70
2230,187
2223,200
2229,200
2228,200
2227,137
2226,200
2187,200
2186,200
2185,115
2248,200
2306,87
2281,177
2279,200
2243,138
2251,200
2258,200
2257,200
2256,200
2255,200
2254,200
2253,200
2250,200
2260,105
2249,200
2247,42
2308,200
2246,69
2245,200
2244,131
2259,100
2261,200
2278,200
2271,82
2277,200
2276,200
2275,200
2274,71
2273,200
2272,137
2270,200
2307,200
2309,171
2239,200
2285,200
2242,108
2322,154
2290,200
2299,200
2298,200
2296,200
2293,130
2292,200
2291,200
2289,200
2302,200
2288,200
2287,15
2286,200
2284,107
2310,200
2283,200
2301,200
2303,200
2280,64
2314,200
2320,200
2319,200
2318,200
2317,121
2316,75
2315,200
2313,200
2305,200
2311,200
557,200
349,140
560,133
1160,200
1153,200
1164,200
1154,107
1157,160
1158,200
1159,200
1161,200
1082,200
1162,200
1155,200
1105,200
1103,136
1102,127
1038,200
1152,200
1150,200
1149,112
1148,200
1147,200
1163,200
1165,200
1106,200
1174,200
1180,82
1179,144
1178,200
1177,141
1176,200
1175,145
1173,155
1166,117
1039,162
1040,134
1041,37
1020,166
1056,200
1181,200
1025,29
1031,140
1030,200
1029,200
1028,200
1027,118
1026,56
1024,200
1035,200
1023,39
1022,200
1021,200
1018,200
1042,200
1017,171
1032,45
1036,200
1055,200
1047,200
1054,200
1053,200
1052,200
1050,200
1049,200
1048,200
1044,175
1037,112
1043,200
1172,200
1171,200
1170,200
237,200
1140,200
1141,200
1142,200
685,200
684,113
683,200
226,200
234,200
233,200
232,200
231,200
230,200
229,200
225,200
223,200
1138,150
221,150
220,200
218,170
216,200
215,53
236,200
239,200
210,200
249,200
260,200
258,200
257,147
256,200
255,200
1139,200
1137,200
1169,200
1112,101
1168,200
1167,107
1146,89
1145,200
1144,200
1114,200
1123,200
1122,200
1121,197
1119,144
1117,200
1116,92
1113,200
1143,114
1111,80
1135,200
1110,190
1109,97
1108,189
1107,200
1124,200
1125,200
1126,25
1127,200
1129,164
1130,200
1131,200
1132,155
1133,200
1134,200
1058,200
1084,188
562,123
1313,200
1326,200
1323,200
1309,150
1310,200
1311,128
1312,200
1314,200
1085,200
1325,200
1315,157
1317,107
1318,200
1319,200
1320,131
1307,200
1336,200
1342,106
1341,200
1340,111
1339,97
1338,200
1337,163
1334,200
1327,200
1333,200
1332,157
1331,200
1330,200
1329,200
1328,131
1308,109
1321,200
1322,200
1316,200
1218,200
2106,200
1194,165
1191,200
1201,200
1190,200
1189,200
1188,200
1187,200
1186,200
1185,200
1200,200
1202,200
1219,200
1212,114
1217,125
1016,200
1216,200
1215,200
1214,200
1213,200
1211,200
1203,200
1210,200
1208,200
1207,60
1206,200
1205,200
1204,133
1258,200
1260,200
1306,200
1261,200
1271,179
1060,200
1069,200
1076,93
1074,176
1073,200
1072,200
1071,135
1070,185
1068,200
1079,108
1067,190
1064,200
1063,128
1062,200
1061,200
1078,200
1183,200
1080,200
1057,140
1091,200
1101,200
1098,200
1097,154
1096,114
1095,143
1093,181
1090,200
1081,200
1088,200
1087,200
1086,86
1182,200
1184,183
1279,163
1283,200
1278,200
1276,200
1274,200
1273,200
1272,200
1269,200
1281,168
1268,180
1267,200
1265,200
1264,200
1263,200
1262,188
1280,200
1305,200
1285,200
1293,200
1304,200
1303,168
1302,176
1301,200
1298,174
1295,200
1292,200
1284,200
1291,200
1290,200
1288,200
1287,200
1286,200
254,100
248,200
240,147
19,200
20,200
21,200
22,40
23,200
24,200
25,200
26,200
247,200
28,200
29,200
30,200
31,200
32,120
33,200
72,200
73,200
74,200
124,200
131,142
130,200
129,200
128,200
127,200
125,200
123,103
133,200
122,200
121,200
120,200
119,200
118,200
27,200
34,200
18,200
154,200
69,200
68,200
67,200
66,48
64,20
56,200
63,129
62,200
61,200
60,71
58,186
57,200
37,200
35,200
9,200
16,200
15,200
14,200
13,67
12,200
11,54
10,200
8,200
17,200
7,163
6,200
5,134
4,164
3,200
2,172
117,144
132,200
134,72
111,54
93,200
94,200
95,200
96,200
97,200
98,200
99,127
101,200
102,200
103,200
105,200
106,196
108,200
110,50
112,200
77,200
354,200
356,200
682,200
567,123
576,75
575,200
574,148
573,122
570,123
569,200
566,200
579,200
564,183
563,59
92,200
78,67
76,200
136,195
145,134
153,200
151,200
150,200
149,160
148,200
146,200
144,44
135,93
143,200
142,200
141,200
139,200
137,200
116,112
79,200
115,200
114,200
85,149
91,200
90,200
89,200
88,58
87,200
86,147
84,200
113,200
83,136
81,200
80,200
70,49
71,200
65,200
328,200
181,200
190,200
188,48
187,199
185,132
184,200
183,200
262,200
265,38
355,168
325,200
332,65
331,34
329,100
327,200
194,200
326,200
324,200
334,200
323,169
322,200
321,200
320,200
319,200
318,200
333,200
335,200
316,139
345,200
353,200
192,200
195,140
350,200
171,200
246,155
244,200
243,200
242,200
241,180
211,200
208,200
264,174
170,200
177,200
176,200
174,200
173,200
172,200
169,200
196,176
179,148
167,200
166,200
165,200
164,113
163,172
160,166
178,174
180,44
206,200
193,200
204,200
202,200
198,200
352,200
348,126
36,163
51,76
307,200
306,200
301,154
291,200
300,200
299,200
295,200
294,70
293,181
292,200
158,200
156,167
155,200
45,200
50,189
310,200
49,200
48,200
47,200
46,200
44,200
53,150
43,200
42,200
41,200
40,200
39,200
38,55
52,200
54,200
309,160
311,200
347,200
281,200
343,200
336,182
342,115
341,200
340,16
339,161
338,200
337,92
317,200
315,200
266,200
274,192
285,200
282,200
279,31
313,200
278,200
275,200
273,200
287,200
272,196
271,200
270,200
269,200
268,196
267,200
286,200
290,162
314,170
305,175
2105,200
8673,200
2107,200
1939,160
1715,200
1825,197
1826,200
1827,200
1937,200
1938,200
1940,200
1989,200
1941,200
1942,168
1936,67
1943,200
1945,200
1946,139
1721,200
1720,200
1719,143
1718,35
1717,200
1716,136
1713,200
1723,193
1712,200
1711,200
1710,200
1709,145
1708,200
1707,200
1722,200
1724,98
1705,200
1947,181
1948,200
1949,200
1930,200
1986,154
1974,200
1985,200
1984,151
1982,200
1980,200
1978,200
1977,200
1954,200
1952,200
1915,200
1925,200
1932,130
1931,200
1929,139
1950,200
1928,200
1927,200
1924,200
1934,98
1923,200
1921,200
1920,83
1919,200
1918,98
1917,200
1933,200
1935,200
1951,125
1944,200
1733,200
1740,164
1739,200
1742,150
1701,115
1700,200
1698,178
1697,130
1696,100
1694,200
1686,200
1693,70
1692,97
1691,113
1690,113
1689,200
1687,24
1741,200
1743,200
1695,172
1794,147
1801,200
1800,200
1799,200
1798,200
1797,99
1796,200
1793,109
1803,200
1791,200
1790,200
1789,200
1788,200
1787,200
1702,46
1703,200
1737,200
1673,200
1736,74
1735,200
1734,200
1732,200
1725,145
1731,200
1730,200
1729,53
1728,200
1727,128
1726,200
1706,200
1704,101
1823,129
1682,120
1685,200
1681,128
1680,200
1679,200
1677,200
1676,200
1672,99
1684,200
1671,106
1670,200
1669,200
1668,118
1667,200
1666,72
1683,52
1988,193
1990,200
2108,200
1883,200
1875,200
1878,200
1879,200
1880,200
1881,200
1882,200
1876,200
1991,200
1995,115
1664,200
1662,171
1463,200
1462,200
1461,200
1885,200
1874,166
1872,82
1871,200
1870,200
1869,56
1868,200
1884,200
1886,107
1866,16
1899,200
1909,200
1907,200
1906,137
1905,81
1904,199
1900,91
1460,182
1459,184
1458,200
1433,116
1491,200
1490,200
1467,200
1466,200
1465,200
1435,200
1441,200
1440,200
1439,75
1438,200
1437,110
1436,200
1434,200
1464,200
1431,200
1457,200
1430,167
1429,200
1428,200
1427,200
1442,200
1443,200
1444,200
1446,194
1447,200
1448,200
1449,200
1451,200
1453,200
1456,200
1898,22
1888,200
1897,200
1965,200
1855,147
1854,200
1853,200
1852,200
1851,200
1850,62
1912,148
1914,121
1665,200
1963,200
1969,115
1968,106
1967,200
1966,200
1964,136
1856,200
1962,200
1972,176
1961,200
1960,200
1959,200
1958,196
1957,129
1956,200
1970,200
1973,182
1953,200
1987,200
1993,200
1992,124
1848,200
1858,200
1896,34
1835,188
1893,200
1892,200
1891,200
1890,145
1867,200
1865,200
1913,200
1836,200
1843,200
1842,124
1841,79
1840,200
1839,162
1838,200
1846,200
1859,200
1834,200
1832,135
1831,200
1830,200
1829,200
1828,200
1845,200
1847,200
1864,200
1857,147
1863,200
1862,26
1861,200
1860,200
1786,84
1802,116
1804,200
8628,200
8640,200
8641,169
8643,109
8644,200
8637,200
8645,200
8626,192
1744,52
8610,200
8611,135
8612,192
8613,120
8614,200
8615,200
8639,126
8638,200
8636,200
8629,200
8635,144
8634,106
8633,74
8632,97
8631,125
8630,200
8529,200
8527,121
5210,200
8422,200
8429,147
8428,131
8427,189
8627,200
8616,58
8619,110
8675,200
8652,158
8651,185
8650,200
8649,196
8664,200
8666,200
8647,200
8676,200
8682,200
8681,193
8680,131
8679,200
8678,166
8677,156
8668,200
8620,200
8674,200
1196,200
8672,200
8671,200
8670,200
8669,110
8648,200
8646,200
8609,200
8617,34
8624,200
8623,200
8622,200
8621,200
8425,138
8424,200
8423,200
8409,200
8386,194
8384,23
8393,198
8383,200
8382,168
8381,127
8380,180
8379,200
8378,200
8392,121
8394,200
8411,200
8404,80
8410,55
8408,165
8388,174
8407,200
8406,122
8405,200
8403,200
8395,72
8402,200
8401,200
8400,138
8399,200
8397,200
8396,200
8448,66
8450,89
8526,72
8387,116
8389,200
8421,132
8444,200
8431,185
8420,99
8419,200
8418,200
8417,200
8416,48
8415,200
8430,190
8432,143
8413,200
8441,200
8447,200
8446,182
8445,200
8443,174
8390,102
8442,200
8440,200
8433,200
8439,200
8438,183
8437,200
8436,200
8435,200
8434,200
8414,91
8412,200
8449,200
8385,83
8391,45
8653,200
8654,200
8665,200
1780,200
1764,135
1765,184
1767,200
1768,200
1769,200
1770,200
1771,200
1772,200
1773,200
1775,200
1776,200
1777,200
1778,200
1779,200
1781,104
1745,132
5206,200
5207,200
5209,200
8578,200
8584,200
8583,200
8582,168
8581,200
8580,168
8579,200
8577,44
8587,200
8576,200
8575,88
1762,200
1746,200
8573,200
1806,200
1814,181
1822,193
1820,200
1819,200
1817,200
1816,200
1815,200
1813,200
1805,200
1812,200
1811,200
1809,200
1808,200
1807,200
1785,61
1747,200
1784,200
1783,200
1753,95
1761,61
1759,200
1757,200
1756,200
1755,200
1754,117
1752,200
1782,200
1751,97
1750,23
1748,200
8574,188
8572,200
8655,200
8558,200
8531,154
8530,164
8546,84
8548,200
8567,121
8560,132
8566,200
8565,200
8564,200
8563,200
8562,200
8561,183
8559,145
8549,200
8557,91
8533,101
8555,200
8553,72
8551,200
8550,108
8606,194
8608,200
8528,200
8656,200
8663,59
8662,200
8661,185
8660,200
8658,200
8657,200
8532,200
8534,51
8571,200
8594,108
8586,200
8588,200
8569,200
8598,200
8604,145
8603,200
8602,200
8601,200
8600,200
8599,200
8597,200
8589,200
8596,200
8595,153
8592,200
8536,200
8591,200
8590,200
8570,200
8568,89
8607,200
8539,200
8545,103
8544,31
8543,104
8542,164
8541,200
8540,200
8537,70
8547,200
1492,61
1493,200
1494,200
2396,200
2390,99
2384,200
2391,200
2393,200
2394,200
2395,200
2397,200
2412,62
2398,200
2392,200
2362,127
2383,200
2381,200
2364,200
2389,200
2388,185
2387,200
2386,200
2385,200
2363,200
2361,200
2474,174
2333,200
2340,200
2339,200
2338,95
2337,200
2336,200
2334,200
2331,114
2342,200
2365,53
2366,200
2367,200
2583,200
2579,200
2596,200
2589,200
2595,200
2594,78
2593,200
2592,200
2591,200
2590,200
2588,200
2580,200
2586,27
2585,200
2584,200
2582,200
2368,200
2581,127
2478,200
2477,200
2476,200
2372,200
2380,200
2379,84
2378,184
2376,200
2375,106
2373,200
2371,200
2382,200
2369,200
2330,75
2329,33
2328,200
2466,194
2444,200
2443,200
2442,200
2441,200
2455,200
2457,200
2402,200
2467,125
2473,200
2472,200
2471,200
2470,195
2469,153
2468,200
2458,200
2446,34
2465,183
2464,157
2463,200
2461,200
2460,100
2459,188
2440,173
2439,194
2438,200
2411,200
2418,200
2417,200
2416,200
2415,163
2445,107
2456,186
2327,200
2350,120
2326,200
2325,200
2341,200
2343,200
2359,200
2352,200
2358,56
2357,200
2356,86
2355,200
2354,61
2353,200
2351,144
2344,200
2349,99
2447,200
2348,200
2347,200
2346,102
2345,50
2399,200
2400,117
2401,200
2448,105
2454,195
2453,200
2452,156
2451,108
2450,190
2449,185
2577,200
2562,200
2563,200
2490,200
2553,200
2552,47
2551,164
2549,200
2541,119
2548,76
2547,30
2545,200
2544,200
2543,20
2542,90
2521,104
2519,184
2558,200
2496,200
2555,200
2495,200
2494,200
2493,200
2492,200
2491,146
2489,77
2498,99
2488,200
2484,200
2483,200
2481,82
2480,200
2479,200
2497,200
2554,67
2556,200
2518,200
2536,89
2109,158
2110,195
2111,193
2112,200
2113,155
2114,200
2115,156
2116,104
2117,200
2321,200
2323,200
1997,200
2530,200
2537,171
2535,200
2550,195
2534,91
2532,181
2531,200
2529,200
2539,139
2528,200
2527,123
2526,200
2525,97
2524,200
2522,200
2538,200
2540,200
2520,200
2499,32
2510,200
2564,149
2624,112
2631,200
2638,200
2637,200
2636,97
2635,181
2634,168
2632,200
2630,200
2623,58
2629,180
2628,200
2627,200
2626,200
2625,200
2599,200
2622,200
2597,200
2561,200
2569,200
2576,180
2575,200
2574,200
2572,200
2571,200
2570,200
2568,200
2578,200
2567,117
2566,200
2565,200
2598,200
2620,200
2517,200
2560,104
2516,200
2515,200
2514,60
2512,200
2511,68
2508,200
2500,200
2507,200
2506,117
2505,84
2503,37
2502,129
2501,200
2557,200
2324,200
2600,152
2612,94
2619,79
2618,97
2616,37
2615,106
2614,200
2613,200
2611,48
2621,200
2609,74
2607,200
2605,200
2603,171
2602,76
2414,175
2410,200
1495,200
1395,200
1390,66
1391,200
1392,200
1393,200
1394,58
1405,200
1397,154
2437,200
1398,200
1399,179
1400,200
1402,200
1403,200
1396,200
1389,200
1404,123
1406,200
1387,200
1416,200
1422,200
1421,200
1420,200
1419,200
1418,200
1417,200
1415,200
1407,200
1414,155
1413,200
1412,191
1411,200
1506,200
1507,200
1508,133
1607,200
1602,200
1601,200
1599,41
1598,200
1597,124
1595,157
1606,200
1594,200
1592,200
1591,200
1590,200
1589,200
1588,200
1604,200
1623,152
1609,200
1616,200
1622,200
1621,200
1620,163
1619,59
1618,200
1617,200
1615,190
1608,200
1614,193
1613,200
1612,58
1611,47
1610,183
1409,200
1408,59
1388,200
1472,200
1423,200
1424,200
1425,200
1476,200
1485,200
1484,187
1483,200
1482,65
1480,200
1477,176
1475,200
1487,200
1474,200
1473,200
1471,103
1369,200
1470,172
1468,180
1486,200
1488,49
1426,200
1497,200
1503,200
1502,200
1501,149
1500,200
1499,200
1498,200
1496,200
1489,154
1368,200
1371,188
1386,53
1350,200
1505,200
1357,174
1363,200
1362,200
1361,200
1360,134
1359,200
1358,164
1356,200
1365,200
1355,200
1354,200
1352,174
1351,200
1349,200
1372,200
1364,200
1366,200
1385,195
1376,56
1384,200
1383,200
1382,200
1379,200
1378,173
1377,77
1375,49
1367,200
1374,86
1373,200
1603,43
1596,161
1587,87
1580,200
1567,200
1555,200
1554,200
1553,161
1552,60
1551,157
1550,200
1566,200
1568,200
1548,200
1577,190
1583,111
1582,182
1581,200
1579,189
1559,200
1578,200
1576,200
1569,200
1575,200
1574,200
1573,200
1572,200
1571,42
1570,70
1549,200
1547,200
1585,47
1516,200
1524,200
1556,200
1560,177
1521,200
2427,200
2409,200
2408,200
2407,200
2405,90
2404,200
2403,200
2419,200
2420,200
2421,34
2422,136
2423,145
2424,200
2425,52
2426,200
2428,94
1561,200
2430,66
2431,200
2432,200
2433,200
2434,200
2435,149
2436,200
1999,200
1996,200
1348,180
1557,194
1564,200
1563,200
1562,200
1523,191
1520,200
1624,200
1653,200
1638,200
1637,76
1636,200
1634,61
1643,98
1632,200
1631,113
1630,200
1629,107
1628,117
1627,200
1642,200
1644,200
1625,200
1660,200
1640,200
1659,91
1657,197
1656,133
1655,69
1654,200
1652,200
1645,200
1651,38
1650,200
1649,200
1648,200
1647,200
1646,200
1626,140
1639,200
1641,82
1519,200
1544,58
1518,200
1515,164
1527,20
1514,184
1513,200
1512,200
1511,200
1510,99
1509,200
1526,200
1528,77
1546,176
1539,200
1545,200
1543,200
1635,127
1542,200
1541,200
1540,200
1538,200
1529,200
1537,200
1535,200
1533,200
1532,200
1531,200
1530,200
1584,200
1586,200
1663,200
1195,122
4900,200
1197,200
4780,200
4792,200
4793,200
4794,43
4795,200
4789,200
4761,200
4778,200
3099,200
4764,200
4765,200
4766,200
4767,168
4768,80
4769,180
4791,200
4790,200
4788,200
4781,200
4787,200
4786,200
4785,200
4784,200
4783,200
4782,200
4763,200
4760,200
4797,200
4732,106
4738,200
4737,105
4736,38
4779,200
4770,200
4772,200
3090,200
3068,92
3067,101
3066,200
3065,200
3064,200
3081,200
3082,200
3083,97
3084,169
3085,200
3086,200
3087,200
3088,46
3089,200
3091,36
4773,68
3092,200
3093,96
3094,200
3095,200
3096,200
3097,200
3917,200
3919,62
3920,42
4771,200
4777,200
4776,200
4775,200
4774,200
4735,200
4734,200
4733,200
4873,200
4847,200
4845,200
4854,200
4844,200
4843,200
4842,200
4840,200
4839,200
4838,197
4853,200
4855,200
4836,200
4867,200
4874,77
4872,200
4849,200
4871,200
4870,200
4868,200
4866,200
4856,200
4865,200
4864,200
4863,200
4861,200
4860,200
4859,200
4837,200
4835,200
4799,200
4848,200
4850,200
4731,200
4754,200
4741,200
4730,200
4729,200
4728,200
4727,156
4726,200
4725,200
4740,200
4742,200
4759,200
4751,200
4758,200
4756,200
4755,101
4753,200
4851,200
4752,200
4750,200
4743,200
4749,37
4748,200
4747,76
4746,200
4745,176
4744,200
4796,200
4798,200
4876,200
4846,99
4852,200
3069,200
3070,164
5199,200
3054,200
3048,200
3049,200
3043,100
3050,196
3052,200
3053,200
3056,200
3072,200
3057,200
3058,200
3051,200
3023,200
3042,200
3040,200
3047,60
3046,200
3045,200
3044,200
3024,200
3022,169
3140,81
2993,200
2999,200
2998,200
2997,200
2996,200
2995,200
2994,200
2992,199
3002,76
2991,200
3025,200
3026,200
3027,200
3239,156
3254,200
3246,42
3253,22
3252,47
3251,182
3250,200
3249,200
3248,200
3245,200
3237,200
3244,200
3243,49
3242,182
3241,183
3238,139
3028,200
3143,200
3142,200
3141,200
3033,148
3039,190
3038,200
3037,200
3036,200
3035,200
3034,200
3032,200
3041,200
3031,200
3029,200
2990,200
2989,200
2988,58
3122,200
3106,50
3105,200
3103,71
3119,200
3121,58
3063,200
3132,91
3139,145
3138,51
3137,167
3136,186
3135,200
3133,152
3130,187
3129,200
3108,64
3128,92
3127,200
3126,88
3124,200
3123,200
3102,200
3101,200
3100,200
3071,147
3080,200
3078,200
3077,59
3075,200
3073,200
3107,200
3109,200
2986,200
3009,200
2985,200
3001,107
3003,179
3021,200
3013,200
3020,168
3019,200
3018,17
3016,200
3015,200
3014,200
3011,200
3004,163
3010,200
3008,200
3120,66
3007,200
3006,200
3005,200
3060,200
3061,200
3062,200
3112,200
3118,200
3117,200
3116,200
3115,72
3114,165
3113,200
3110,200
4807,200
4813,200
4812,200
5099,200
5102,200
5092,137
5094,200
5095,200
5097,200
5098,200
5100,200
4811,200
5093,200
4562,162
4877,171
4875,200
4681,92
4680,200
5091,200
5088,26
5087,200
5086,148
5085,59
5084,178
5101,200
5104,200
5081,111
5114,200
5121,200
5120,200
5119,200
5118,200
5117,200
5115,200
5113,200
4678,200
4677,200
4676,200
4651,37
4707,200
4685,200
4684,200
4683,200
4654,95
4661,200
4660,100
4659,200
4657,80
4656,200
4655,200
4653,200
4682,200
4652,200
4650,200
4675,176
4649,200
4648,82
4647,44
4662,200
4663,159
4665,200
4666,78
4667,156
4669,182
4670,200
4671,72
4672,200
4673,78
4674,101
5105,200
5111,200
5110,193
5175,200
5066,200
5065,121
5064,157
5063,200
5062,200
5122,200
5124,48
4878,197
5174,200
5184,31
5183,200
5181,200
5179,181
5177,94
5173,170
5061,200
5186,200
5172,60
5171,200
5170,53
5169,62
5168,200
5167,200
5185,49
5187,200
5165,200
5197,200
5205,200
5203,151
5202,200
5067,195
5068,200
5109,200
5059,200
5108,200
5107,200
5106,200
5082,172
5079,87
5123,200
5051,200
5057,200
5056,200
5055,131
5054,200
5053,200
5052,69
5050,200
5049,200
5071,200
5048,47
5047,186
5046,200
5045,200
5044,40
5058,200
5060,117
5078,153
5070,200
5077,102
5076,200
5075,200
5074,200
5073,200
4708,192
4709,200
4710,163
4625,106
4619,200
4617,52
4614,200
4613,200
4612,94
4610,200
4623,200
4609,200
4608,154
4607,200
4605,200
4604,186
4603,200
4621,31
4601,139
4611,200
4635,200
4641,47
4640,91
4639,200
4638,200
4637,200
4636,111
4634,200
4627,59
4633,168
4632,138
4631,200
4630,200
4629,65
4620,200
4722,167
4602,107
4827,200
4810,200
4809,200
4808,200
4806,200
4816,200
4805,200
4804,200
4803,200
4802,200
4801,200
4800,200
4815,200
4818,200
4834,200
4833,200
4723,200
4832,200
4831,200
4830,200
4829,200
4828,182
4826,200
4819,200
4825,200
4824,200
4823,200
4822,200
4821,200
4820,200
4724,200
4628,200
4600,200
4711,200
4688,151
4643,142
4644,200
4696,200
4702,200
4701,200
4700,200
4699,178
4698,200
4697,151
4695,200
4704,200
4694,136
4691,200
4690,200
4687,200
4583,200
4686,200
4703,200
4705,200
4646,71
4714,200
4720,200
4719,50
4718,200
4717,200
4716,200
4715,200
4713,95
4706,200
4712,182
4642,200
4584,200
4721,200
4564,200
4572,82
4578,200
4577,200
4576,200
4575,200
4574,176
4573,54
4570,131
4580,200
4569,200
4568,28
4567,200
4566,200
4565,157
4579,200
4585,200
4581,200
4599,37
4591,200
4598,28
4597,43
4596,40
4595,94
4594,116
4592,200
4590,55
4582,200
4588,200
4587,19
4586,165
3236,122
3234,198
3220,200
2824,147
2818,93
2819,200
2821,200
2822,100
2823,200
2835,200
2827,147
2928,66
2828,200
2829,160
2831,175
2832,200
2833,200
2825,200
2817,200
2834,200
2836,200
2860,200
2850,200
2859,200
2858,200
2854,101
2853,200
2852,200
2851,98
2849,200
2839,125
2845,200
2844,48
2843,200
2842,200
2900,43
2861,200
2863,200
2883,200
2877,200
2876,200
2875,200
2874,200
2873,200
2870,200
2881,79
2869,200
2868,200
2867,200
2866,200
2865,200
2864,200
2879,139
2862,200
2885,200
2892,200
2898,54
2897,200
2896,177
2895,200
2894,200
2893,199
2891,200
2884,200
2890,200
2889,200
2888,66
2887,182
2886,200
2841,200
2840,200
2899,135
2906,200
2944,109
2940,200
2902,200
2910,200
2917,200
2915,200
2914,170
2913,200
2912,64
2911,71
2909,155
2920,200
2908,200
2907,200
2905,146
2965,108
2904,200
2903,83
2918,200
2921,75
2939,84
2931,200
2938,200
2936,200
2935,200
2934,200
2933,189
2932,200
2930,200
2922,200
2964,200
2968,200
2901,200
2946,95
2981,131
2952,200
2958,200
2957,200
2956,136
2955,56
2954,200
2953,200
2951,200
2960,200
2950,200
2949,200
2948,93
2947,200
2945,116
2969,200
2959,200
2961,200
2942,200
2973,200
2979,200
2978,200
2977,200
2976,120
2975,127
2974,200
2972,200
2962,200
2971,200
2970,82
2878,200
2871,151
3295,200
3639,193
3614,63
3624,121
3612,200
3611,200
3610,200
3609,200
3608,200
3607,200
3623,200
3625,200
3642,200
3635,200
3641,200
3640,186
3638,200
3617,200
3637,190
3636,200
3634,200
3626,200
3633,198
3632,200
3631,200
3630,200
3628,200
3627,200
3681,200
3683,200
3684,200
3733,200
3616,200
3618,200
3739,64
3676,200
3652,200
3651,200
3650,200
3649,200
3648,200
3647,200
3662,200
3664,200
3644,200
3674,200
3680,200
3679,200
3678,200
3677,200
3675,200
3619,200
3672,200
3665,200
3671,200
3670,200
3669,200
3668,186
3667,200
3666,200
3646,199
3643,200
3760,200
3615,200
3622,200
3620,200
3740,200
3737,198
3296,200
3704,135
3699,200
3698,200
3697,200
3696,105
3694,200
3720,200
3693,200
3692,200
3691,200
3690,200
3688,200
3686,200
3702,162
3703,200
3705,200
3701,179
3706,166
3707,200
3708,200
3709,200
3711,200
3712,200
3713,200
3714,200
3715,200
3716,200
3717,200
3718,200
3719,24
3297,171
3700,200
3695,200
3736,200
3759,200
3735,200
3734,200
3731,200
3742,200
3730,200
3729,147
3728,200
3727,200
3726,200
3725,200
3741,200
3743,200
3685,200
3752,200
3758,200
3721,200
3757,200
3756,200
3754,200
3753,200
3751,200
3744,200
3750,199
3749,200
3748,200
3747,55
3746,200
3745,200
3724,200
3723,200
2929,200
2926,200
3221,179
3204,200
3217,200
3177,182
3179,200
3200,200
3201,200
3203,200
3205,200
2925,139
3206,200
3199,200
3207,111
3209,98
3210,200
3212,200
3151,119
3157,200
3156,200
3155,70
3154,44
3153,114
3152,200
3150,200
3159,89
3149,200
3148,117
3147,123
3146,58
3145,25
3144,200
3158,200
3160,200
3213,200
3214,200
3215,55
3194,200
2760,42
2761,154
2762,113
2763,173
2764,92
2765,40
2766,130
2767,200
2768,200
2980,200
2982,200
3294,200
3188,200
3195,200
3193,186
3208,186
3192,200
3190,200
3189,200
3187,200
3197,200
3186,134
3184,200
3183,200
3182,200
3181,200
3180,200
3196,200
3198,200
3178,200
3176,200
3169,19
3175,200
3257,200
3293,62
3292,200
3291,200
3290,200
3288,200
3287,80
3285,119
3278,200
3284,200
3283,200
3282,200
3281,200
3280,44
3279,62
3255,85
3256,200
3219,111
3227,111
3233,118
3232,200
3231,145
3230,200
3229,200
3228,112
3226,200
3235,200
3225,200
3224,200
3223,165
3222,200
3286,200
3276,200
3174,200
2984,200
3173,200
3172,200
3171,57
3170,200
3168,186
3161,200
3167,94
3166,155
3165,200
3164,34
3163,200
3162,81
3216,124
3218,200
3266,200
3274,200
3273,200
3272,200
3271,200
3270,200
3268,200
3267,200
3265,200
3275,76
3263,56
3262,200
3261,200
3260,200
3259,200
3258,200
2759,104
2758,86
2757,200
2649,200
2722,53
2721,200
2720,200
2718,200
2694,200
2690,200
2811,200
2650,200
2661,200
2659,200
2656,200
2653,200
2652,132
2651,200
2663,200
2724,200
2648,200
2647,121
2646,200
2645,200
2644,200
2643,200
2662,200
2665,51
2689,200
2679,200
2688,200
2687,200
2686,200
2685,165
2723,65
2716,200
2680,200
2702,200
2924,200
2923,173
2815,173
2813,161
2812,200
2705,200
2711,92
2710,200
2709,200
2708,200
2707,140
2706,99
2703,200
2713,200
2701,200
2725,200
2700,200
2698,200
2697,200
2695,200
2712,200
2714,200
2693,200
2726,66
2733,125
2731,39
2730,130
2729,200
2728,143
2727,104
2684,200
2678,200
2756,200
2749,59
2802,200
2795,200
2801,200
2800,200
2799,200
2798,200
2797,137
2796,200
2774,149
2773,25
2772,54
2745,200
2751,200
2750,200
2748,200
2806,142
2747,200
2746,200
2744,159
2771,173
2743,150
2742,37
2741,200
2740,200
2739,200
2738,200
2752,200
2753,200
2754,135
2755,200
2804,200
2807,145
2666,200
2786,176
2677,200
2676,200
2675,200
2674,200
2673,147
2667,142
2734,200
2735,200
2736,200
2783,200
2790,194
2789,200
2788,200
2787,56
2784,183
2808,200
2782,24
2793,38
2780,38
2779,181
2778,66
2777,200
2776,45
2775,82
2791,110
2794,200
2737,200
2803,200
2810,200
2809,200
5200,200
5198,200
1198,42
4384,200
4340,200
4341,200
4335,200
4363,200
4364,200
4365,143
4385,200
4275,200
4386,200
4387,200
4388,200
4389,200
4383,121
4390,200
4339,200
4338,108
4337,132
4336,200
4334,200
4362,129
4333,200
4332,66
4331,200
4330,200
4328,151
4327,138
4342,117
4343,200
4344,200
4345,99
4346,185
4392,130
4393,200
4394,200
4375,200
4274,200
4273,67
4272,191
4270,93
4269,200
4268,55
4320,200
4321,165
4324,47
4373,93
4379,200
4378,120
4377,200
4376,200
4374,128
4396,200
4372,200
4381,200
4371,169
4370,200
4369,200
4368,200
4367,200
4366,200
4380,200
4382,200
4325,61
4391,200
4398,200
4397,121
4347,193
4349,87
4350,200
867,200
927,78
926,48
924,200
916,141
923,200
922,200
921,200
919,200
918,200
917,200
892,200
890,96
933,200
860,200
866,113
929,200
864,100
863,200
862,200
861,112
859,103
869,200
856,200
855,200
854,200
853,200
852,200
851,200
868,96
870,200
928,153
930,200
4351,200
909,200
4353,200
4354,68
4355,200
4356,136
4358,200
4359,56
4360,200
4361,200
2642,200
2640,200
10256,200
904,200
911,200
910,200
908,200
931,200
907,139
906,200
902,200
913,121
901,200
898,200
897,200
896,200
895,200
894,200
912,174
915,200
891,200
925,120
4267,200
4278,194
5196,200
4493,200
4487,200
4498,200
4488,200
4490,200
4491,200
4492,25
4495,200
4279,200
4496,200
4489,200
4480,200
4519,200
4523,191
4546,200
4486,200
4485,200
4484,200
4483,200
4482,200
4497,200
4500,200
4518,200
4510,200
4517,200
4516,200
4515,200
4514,200
4513,200
4511,200
4509,200
4501,200
4547,186
4548,159
4549,32
4526,200
4479,200
4247,200
4532,200
4539,200
4538,200
4537,200
4536,200
4535,200
4533,129
4531,200
4542,200
4530,200
4529,200
4528,200
4525,200
4550,146
4524,175
4540,200
4543,200
4521,200
4553,200
4559,200
4558,142
4557,200
4556,141
4555,200
4554,72
4552,74
4545,200
4551,200
4508,200
4507,200
4506,200
4255,199
4309,200
4308,95
4307,200
4306,200
4287,85
4285,78
4399,200
4257,200
4263,44
4262,144
4261,200
4260,200
4259,200
4258,200
4265,49
4311,149
4254,200
4253,27
4252,200
4251,97
4249,200
4248,200
4264,200
4266,200
4284,200
4277,86
4283,200
4282,200
4281,200
4280,152
4310,200
4305,200
4505,200
4293,200
4503,200
4502,200
4402,200
4401,200
4400,188
4295,200
4301,141
4300,129
4299,85
4298,200
4297,78
4296,35
4294,157
4303,172
4292,200
4312,200
4291,200
4290,200
4289,200
4288,200
4302,92
4304,80
4286,123
4313,113
4319,200
4318,200
4317,200
4316,200
4315,118
4314,200
889,200
880,150
887,177
837,51
838,136
839,200
840,200
843,200
844,199
845,200
809,166
886,157
827,200
825,200
811,200
812,200
813,200
814,200
835,200
828,200
834,173
833,200
832,200
831,200
830,120
829,200
810,200
808,200
768,109
777,79
784,200
783,200
782,200
781,34
779,73
815,200
816,45
826,200
713,200
688,200
686,200
703,200
705,200
723,200
716,136
722,200
721,200
720,200
719,172
718,200
717,200
714,133
706,200
712,200
817,70
711,200
710,200
709,200
708,138
765,93
767,124
846,200
818,200
824,141
823,200
822,200
821,152
820,200
819,200
778,200
776,178
786,200
1253,200
1239,200
1228,200
1227,200
1226,38
1225,193
1224,101
1223,153
1238,168
1241,78
1221,200
1250,177
1257,200
1255,168
1254,200
1252,200
1232,200
1251,200
1249,200
1242,200
1248,200
1247,114
1246,200
1245,200
1244,200
1243,122
1222,64
1220,37
1259,108
1192,200
1199,184
1230,200
1233,200
775,200
801,200
774,200
773,200
772,200
771,16
769,200
785,200
787,190
807,200
799,165
806,200
805,120
804,200
803,185
802,200
798,200
1234,200
788,160
797,200
794,146
792,200
791,200
790,152
789,177
1013,126
1014,92
1015,200
1231,81
1237,200
1236,118
1235,126
689,200
690,195
691,200
975,200
1012,200
1011,200
1010,188
1009,130
1008,200
1007,200
1005,63
998,153
1004,200
1003,200
1002,126
1001,200
1000,200
999,62
973,200
974,84
935,46
944,200
950,184
949,200
948,60
947,200
946,200
945,200
943,200
953,200
942,158
941,200
939,52
938,159
1006,200
996,153
936,200
849,200
885,200
884,95
882,200
881,200
879,124
871,200
878,200
877,200
876,200
875,160
873,200
872,200
932,142
934,123
985,200
994,200
992,200
991,106
990,200
989,200
988,200
987,200
983,200
995,55
981,115
980,200
979,200
978,64
977,200
976,153
937,127
951,200
693,200
749,200
742,200
744,192
725,200
754,56
764,200
763,31
759,111
758,200
756,15
755,200
753,200
745,200
752,79
751,164
748,200
728,200
747,42
746,200
726,100
724,23
766,35
696,200
702,122
701,200
700,200
699,200
698,200
697,200
694,200
704,139
727,41
729,200
954,200
957,52
972,200
964,101
971,200
970,200
969,58
968,200
967,200
966,200
963,200
955,200
962,200
960,200
959,64
958,200
956,131
730,200
850,200
848,200
2639,200
735,151
741,200
740,200
739,89
738,200
737,84
736,200
734,200
743,200
732,200
731,200
4477,200
4425,200
4426,57
4991,169
4998,200
4997,200
4996,200
4995,178
4994,90
4992,200
4990,89
4213,200
4989,200
4988,137
4987,200
4986,75
4985,198
4983,46
4999,200
5000,80
4563,57
4561,123
3921,158
4136,175
4142,200
4141,200
4140,200
4139,200
4138,200
4137,200
4135,200
4144,156
4134,200
4133,200
4132,200
4982,200
4965,200
4966,200
5025,147
5033,200
5039,194
5038,113
5037,200
5036,200
5035,200
5034,63
5032,200
5024,200
5031,179
5029,200
5028,200
5027,154
5026,200
5005,200
4967,149
5004,67
5003,200
4973,200
4981,200
4979,95
4978,131
4977,200
4976,28
4975,200
4972,198
5001,200
4971,200
4969,63
4968,200
4130,200
4129,200
4128,200
4113,200
4086,200
4105,165
4107,200
4124,200
4117,200
4123,200
4122,195
4121,200
4120,200
4119,200
4118,200
4116,200
4108,200
4114,200
4112,200
4088,200
4111,193
4110,200
4109,200
4161,200
4163,127
4244,200
4215,200
4222,200
4220,200
4219,200
4218,185
4217,200
4216,134
4214,200
4087,153
4089,200
4143,200
4149,200
4145,200
4126,200
4154,200
4160,200
4159,200
4158,200
4157,200
4156,200
4155,200
4153,200
4146,200
4152,200
4151,200
4150,200
4148,200
4090,200
4147,200
4127,200
4125,200
4162,200
4095,200
4104,200
4103,200
4100,200
4098,154
4097,200
4096,200
4093,200
4106,200
4092,200
4964,73
5023,86
5021,125
4939,200
5156,200
5154,95
5146,200
5153,200
5152,200
5151,200
5150,200
5149,200
5147,200
5043,200
5042,200
5041,138
4932,200
4940,190
4938,75
5158,200
4937,200
4935,200
4934,200
4931,52
4942,200
4930,200
4929,107
4928,200
4927,200
4926,200
4925,200
4941,200
4943,200
4923,165
5157,158
5159,67
4959,91
5136,119
5188,92
5195,159
5194,200
5192,92
5191,200
5190,200
5189,200
5166,163
5164,114
5125,44
5133,200
5141,62
5139,77
5138,200
5135,50
5160,196
5134,31
5132,166
5143,128
5131,200
5130,142
5129,200
5128,200
5127,200
5126,200
5142,200
5145,200
5162,47
5155,95
5161,109
4953,200
4958,200
5006,200
4962,200
4917,200
4916,200
4915,129
4914,125
4912,200
4909,200
4899,200
4908,200
4907,200
4906,200
4905,200
4902,144
8507,185
4961,200
4963,113
4910,63
5014,200
5020,200
5019,200
5018,200
5017,179
5016,200
5015,200
5013,186
5022,200
5012,200
5010,200
5009,114
5008,51
5007,71
4918,200
4919,195
4957,200
4887,200
4956,200
4955,200
4954,200
4952,200
4944,200
4951,200
4950,165
4949,200
4948,200
4947,200
4946,200
4924,200
4920,200
5040,200
4893,200
4898,200
4892,200
4891,193
4890,200
4889,40
4888,200
4886,200
4895,200
4885,200
4884,200
4882,200
4881,200
4880,200
4879,200
4894,200
4224,200
4212,200
4428,200
4010,198
4020,200
4005,200
4006,79
4007,200
4008,200
4009,200
4039,200
4210,200
4011,98
4013,200
4014,200
4015,200
4016,149
4018,200
4021,200
4022,56
4023,200
4024,200
4027,65
4028,132
4029,42
4030,200
4031,47
4032,50
4033,200
4034,200
4035,200
4036,200
4037,200
4038,200
4243,200
4019,200
4012,93
4040,200
4073,200
4054,200
4053,200
4051,200
4049,69
4062,200
4048,200
4047,200
4046,200
4045,200
4044,65
4043,200
4059,123
4063,200
4004,103
4081,89
4041,174
4080,200
4078,200
4077,200
4076,200
4075,200
4072,200
4064,49
4071,200
4069,200
4068,200
4067,137
4066,200
4065,200
4042,200
4245,200
4560,200
4452,200
4403,200
4411,66
4419,200
4418,78
4417,200
4416,118
4414,200
4412,187
4410,200
4422,57
4409,200
4408,200
4407,200
4406,150
4404,90
4420,200
4442,200
4423,188
4441,182
4433,200
4440,200
4439,172
4438,200
4436,200
4435,159
4434,200
4432,170
4424,200
4431,200
4430,200
4429,200
4478,200
4444,200
4458,167
4461,163
4457,180
4456,200
4455,173
4454,200
4453,200
4451,200
4460,135
4450,200
4449,200
4448,200
4447,200
4446,143
4445,138
4459,200
4443,200
4463,165
4470,200
4476,200
4475,42
4474,161
4473,150
4472,200
4471,187
4469,200
4462,200
4468,200
4467,200
4466,200
4465,200
4464,200
4055,200
4056,200
4058,200
4195,99
4171,200
4170,200
4169,200
4166,200
4165,170
4182,200
4184,200
4202,108
4194,200
4201,200
4200,72
4199,200
4198,70
4196,200
4193,200
4183,200
4185,200
4192,200
4191,200
4189,200
4188,200
4187,172
4186,200
4085,200
4084,200
4083,136
3974,200
3981,200
3979,200
3978,200
4173,200
4174,200
3976,37
4226,200
4208,173
4207,200
4206,193
4223,152
4225,200
4204,175
4235,200
4242,200
4241,200
4240,200
4239,200
4238,200
4236,200
4234,200
4233,200
4176,200
4231,200
4230,200
4229,200
4228,69
4227,200
4205,200
4203,30
4164,200
4175,200
4181,200
4180,200
4179,200
4178,200
4177,200
3977,200
3975,200
4050,200
3960,200
3933,200
3931,200
3943,200
3929,200
3928,200
3927,200
3926,200
3924,200
3922,200
3941,200
3944,141
3962,74
3955,200
3961,200
3959,200
3935,200
3958,37
3957,200
3956,200
3954,200
3946,200
3953,200
3952,200
3951,200
3949,200
3948,200
3947,200
4001,118
4002,92
4003,200
3934,200
3937,200
3973,40
3997,200
3983,24
3972,151
3971,200
3970,89
3968,200
3967,200
3966,200
3982,200
3984,200
3964,186
3994,200
4000,200
3999,56
3998,57
3996,200
3939,88
3995,200
3993,35
3985,120
3992,124
3991,200
3990,200
3988,43
3987,200
3986,200
3965,200
3963,200
4082,200
3932,200
3940,126
8500,200
9789,91
8506,200
5292,200
5301,200
5287,200
5288,200
5289,130
5290,200
5291,200
5319,200
5336,82
5293,200
5295,115
5296,200
5297,200
5298,120
5299,200
5302,200
5304,133
5305,200
5306,175
5307,200
5308,200
5309,37
5310,200
5311,200
5312,200
5313,52
5314,200
5315,200
5316,200
5317,200
5318,33
5525,200
5300,200
5294,200
5320,200
5353,184
5334,200
5333,200
5331,200
5329,200
5339,92
5328,200
5327,200
5326,200
5325,200
5324,49
5323,200
5338,200
5340,200
5286,200
5360,149
5321,200
5359,183
5358,200
5357,40
5356,200
5355,200
5352,200
5343,200
5351,200
5350,200
5349,54
5348,200
5346,200
5344,73
5322,129
5527,200
5848,200
5739,200
5692,200
5699,200
5705,200
5704,200
5703,200
5702,200
5701,200
5700,200
5698,200
5707,200
5697,114
5696,200
5695,137
5694,200
5693,200
5706,82
5728,62
5708,200
5727,200
5720,200
5726,182
5725,171
5724,200
5723,95
5722,200
5721,165
5718,200
5709,200
5717,200
5716,35
5714,200
5767,73
5731,123
5745,200
5749,150
5744,200
5743,200
5742,200
5741,91
5740,63
5738,200
5748,200
5737,200
5736,114
5735,77
5734,67
5733,48
5732,200
5747,121
5730,40
5751,141
5759,21
5765,200
5764,187
5763,200
5762,200
5761,200
5760,200
5758,165
5750,200
5757,200
5756,103
5755,110
5754,63
5753,200
5335,200
5337,200
5494,200
5465,200
5479,200
5480,200
5481,200
5482,200
5476,200
5483,200
5463,132
5330,200
5447,200
5448,200
5449,200
5451,200
5452,200
5453,200
5478,200
5477,200
5475,200
5466,200
5474,200
5473,200
5472,200
5469,200
5468,200
5467,200
5364,72
5363,47
5362,200
5256,100
5263,200
5262,200
5261,200
5464,200
5454,200
5456,170
5516,200
5492,200
5491,200
5490,200
5489,200
5506,200
5508,200
5485,200
5517,200
5524,67
5523,200
5522,200
5521,200
5519,200
5518,200
5509,200
5457,200
5515,200
5514,200
5513,200
5512,200
5511,200
5510,200
5486,200
5484,200
5446,200
5455,88
5461,200
5460,200
5459,200
5458,200
5259,200
5258,184
5257,200
5243,200
5219,200
5217,128
5228,200
5216,200
5215,81
5214,138
5213,192
5212,149
5211,95
5227,200
5229,109
5245,93
5238,200
5244,200
5242,200
5223,76
5241,200
5240,200
5239,200
5237,200
5230,162
5236,200
5235,156
5234,200
5233,200
5232,200
5231,200
5283,200
5284,61
5285,200
5220,200
5224,31
5255,154
5278,200
5265,200
5254,200
5253,200
5252,90
5251,120
5250,133
5249,200
5264,175
5266,149
5247,194
5275,123
5282,200
5280,200
5279,200
5277,200
5225,183
5276,79
5274,200
5267,200
5273,200
5272,159
5271,132
5270,107
5269,200
5268,200
5248,200
5246,200
5361,200
5218,200
5226,200
5713,200
5712,200
5710,200
5674,200
5625,200
5618,48
5647,200
5648,187
5649,200
5673,200
5675,88
5766,72
5676,200
5677,200
5678,200
5671,200
5679,200
5681,200
5623,200
5622,200
5621,200
5620,200
5619,200
5617,200
5646,200
5616,200
5615,200
5614,106
5613,200
5612,200
5611,200
5627,200
5628,200
5629,200
5630,135
5682,200
5683,200
5684,200
5663,102
5546,200
5552,200
5551,200
5550,200
5549,200
5548,200
5547,200
5606,200
5607,13
5609,200
5659,200
5667,200
5666,200
5665,200
5662,200
5685,200
5660,200
5657,200
5669,200
5656,200
5654,200
5653,200
5652,200
5651,200
5650,200
5668,200
5670,200
5610,200
5680,200
5686,200
5631,71
5632,200
5633,200
7264,92
7327,200
7326,167
7325,200
7323,200
7315,119
7322,200
7321,200
7320,139
7319,200
7318,200
7316,69
7296,200
7294,18
7332,45
7270,200
7329,120
7269,19
7268,200
7267,104
7266,200
7265,200
7263,200
7272,177
7262,173
7261,88
7260,200
7259,200
7258,200
7257,99
7271,200
7328,200
7330,200
5634,200
7310,24
5635,200
5636,200
5637,200
5639,136
5640,200
5641,34
5642,200
5643,200
5644,200
6473,109
6475,200
7752,200
7305,200
7311,60
7309,157
7324,200
7308,200
7307,200
7306,94
7304,200
7313,200
7302,200
7301,95
7300,200
7299,195
7298,200
7297,200
7312,200
7314,200
7295,200
5553,200
5555,200
5557,200
5774,200
5832,28
5810,200
5808,139
5769,200
5778,200
5784,200
5783,200
5782,154
5781,200
5780,191
5779,200
5776,200
5786,167
5775,28
5773,200
5835,200
5772,200
5771,37
5770,28
5785,200
5787,145
5807,132
5800,200
5806,200
5805,92
5804,200
5803,200
5802,68
5801,200
5797,200
5834,23
5837,200
5796,200
5813,200
5768,200
5528,200
5819,200
5826,200
5825,200
5824,200
5822,200
5821,200
5820,200
5818,133
5829,200
5817,100
5816,200
5815,82
5812,200
5838,200
5811,41
5828,150
5830,109
5809,200
5841,200
5847,200
5846,145
5845,200
5844,200
5843,88
5842,200
5840,200
5831,49
5839,200
5789,58
5795,149
5558,200
5537,200
5593,200
5592,200
5591,200
5590,176
5588,200
5566,200
5564,200
5687,200
5536,200
5542,200
5541,200
5540,200
5539,200
5538,163
5535,200
5587,200
5544,200
5534,200
5533,200
5532,200
5531,200
5530,200
5529,200
5543,200
5545,200
5563,200
5554,200
5561,200
5560,200
5559,111
5594,200
5595,200
5794,69
5584,200
5793,77
5792,200
5790,200
5691,200
5690,200
5688,200
5576,127
5582,200
5581,200
5580,200
5579,200
5578,200
5577,200
5575,200
5574,200
5597,200
5573,200
5572,200
5571,200
5569,200
5568,200
5583,200
5585,200
5565,200
5596,200
5605,164
5602,200
5601,200
5600,200
5598,200
5493,200
5507,200
6094,115
6376,200
6369,193
6371,200
6372,159
6373,116
6374,200
6375,135
6370,118
5994,200
5850,200
6166,200
6164,200
5966,200
5965,67
5964,10
6378,200
6368,147
6367,200
6366,200
6365,200
6364,200
6363,46
6377,196
6379,200
6361,200
6388,113
6394,200
6393,200
6392,150
6391,166
6390,200
6389,193
5963,200
5962,200
5961,29
5939,200
5992,200
5991,43
5970,156
5969,21
5968,200
5941,149
5948,155
5947,200
5946,200
5944,61
5943,200
5942,76
5940,200
5967,199
5938,57
5960,108
5937,77
5935,127
5934,139
5933,158
5949,23
5950,42
5951,62
5953,200
5954,84
5955,200
5956,42
5957,102
5958,200
5959,200
6387,164
6380,128
6386,121
6449,29
6349,188
6347,200
6346,200
6345,200
6344,200
6343,200
6395,137
6397,200
6167,200
6447,107
6453,153
6452,200
6451,190
6450,200
6448,97
6350,200
6446,200
6455,200
6445,110
6444,200
6443,200
6441,200
6440,148
6438,76
6454,200
6456,110
6436,148
6466,128
6472,66
6471,77
6341,53
6353,159
6385,200
6330,161
6384,200
6383,194
6382,200
6381,198
6362,200
6360,52
6396,200
6331,200
6337,177
6336,190
6335,200
6334,200
6333,191
6332,48
6339,72
6354,200
6329,200
6328,167
6327,161
6326,200
6325,150
6324,200
6338,200
6340,115
6359,200
6351,200
6358,200
6357,200
6356,200
6355,200
5993,200
5995,200
5498,200
5903,200
5897,200
5899,200
5900,200
5901,200
5902,200
5912,200
5905,200
5996,69
5906,200
5907,200
5908,200
5909,200
5910,76
5904,104
5896,135
5911,200
5913,200
5894,200
5922,200
5928,200
5927,182
5926,74
5925,63
5924,200
5923,72
5921,191
5914,45
5920,200
5919,163
5918,200
5917,200
6007,155
6008,157
6009,200
6104,68
6100,141
6099,200
6098,151
6097,116
6096,200
6093,200
6103,19
6092,157
6091,125
6090,200
6089,200
6088,200
6087,156
6102,196
6122,59
6106,200
6115,200
6121,58
6120,200
6119,200
6118,200
6117,200
6116,173
6114,169
6105,200
6113,67
6112,200
6111,71
6108,200
6107,30
5916,153
5915,160
5895,200
5974,200
5929,200
5930,34
5931,42
5978,58
5986,200
5985,183
5984,200
5982,200
5981,200
5979,200
5977,154
5988,24
5976,49
5975,200
5973,157
5876,200
5972,200
5971,139
5987,200
5989,200
5932,200
5999,89
6005,200
6004,200
6003,200
6002,145
6001,200
6000,63
5998,33
5990,200
5875,200
5877,200
5892,200
5854,178
6006,200
5862,200
5870,200
5869,200
5868,200
5867,118
5866,200
5864,147
5861,200
5872,200
5860,94
5859,119
5858,95
5855,200
5853,200
5878,200
5871,152
5873,78
5891,200
5883,200
5890,107
5889,200
5888,91
5887,200
5885,133
5884,200
5882,98
5874,200
5880,200
5879,132
6470,200
6469,200
6468,200
6271,200
6277,200
6276,130
6275,200
6274,200
6273,200
6272,200
6270,200
6467,180
6269,200
6268,199
6266,200
6265,200
6264,55
6263,200
6278,66
6279,200
6280,147
5852,200
5849,200
6474,92
5412,200
5421,200
5419,200
5417,200
5416,200
5414,200
5413,200
5411,200
5423,200
5410,200
5409,144
6247,200
6248,200
6249,200
6307,174
6245,200
6313,107
6319,200
6318,200
6317,200
6316,200
6315,149
6314,200
6312,200
6305,200
6311,200
6310,56
6309,80
6308,66
6306,84
6250,200
6284,135
6283,200
6282,50
6254,37
6261,200
6260,200
6258,200
6257,200
6256,96
6255,200
6253,200
6281,200
6252,200
6251,200
5408,200
5407,200
5406,200
5391,200
5367,200
5365,200
5382,119
5384,200
5401,200
5393,200
5400,200
5398,200
5397,200
5396,200
5395,200
5394,200
5392,200
5385,185
5390,149
5370,97
5389,200
5388,200
5387,200
5386,105
5442,200
5445,200
5526,200
5499,200
5505,200
5504,151
5503,200
5502,200
5501,200
5500,200
5369,151
5372,115
5405,200
5430,200
5422,200
5424,200
5403,200
5435,200
5441,200
5440,144
5439,200
5438,200
5437,200
5436,200
5434,200
5425,200
5433,200
5432,193
5428,200
5373,200
5427,200
5426,156
5404,176
5402,200
5443,200
5375,140
5381,200
5380,155
5379,109
5378,200
5377,200
5376,135
5374,61
5383,61
6304,200
6301,20
6286,124
6222,200
6429,80
6428,49
6426,63
6419,38
6425,200
6424,200
6423,200
6422,200
6421,128
6420,200
6323,187
6322,130
6321,114
6215,200
6220,200
6431,17
6219,200
6218,200
6217,183
6216,151
6214,200
6224,200
6213,200
6212,200
6211,177
6210,62
6209,192
6207,200
6223,200
6225,76
6430,200
6432,200
6234,200
6413,79
6465,200
6457,200
6464,79
6463,163
6462,200
6460,200
6459,200
6458,200
6437,102
6435,200
6398,200
6409,200
6415,200
6414,200
6412,200
6433,200
6411,200
6410,110
6408,182
6417,97
6406,200
6405,200
6404,200
6403,200
6401,200
6400,187
6416,35
6418,200
6434,169
6427,200
6205,200
6241,144
6287,200
6242,200
6202,191
6201,200
6200,200
6199,200
6198,200
6197,200
6195,200
6187,200
6194,169
6193,63
6192,200
6191,200
6189,200
6188,46
6243,200
6203,200
6244,200
6294,200
6300,107
6299,141
6298,200
6297,200
6296,138
6295,200
6293,96
6303,200
6292,200
6291,200
6290,200
6288,169
6196,13
6186,91
6240,200
6320,55
6239,200
6238,159
6236,200
6235,200
6233,200
6226,194
6232,200
6231,200
6230,200
6229,200
6228,200
6227,200
6206,200
6204,200
6177,200
6184,200
6183,200
6182,67
6181,200
6180,200
6179,155
6178,200
6176,159
6185,200
6175,200
6174,200
6171,200
6170,200
6169,200
6168,200
7273,197
7292,200
7282,101
6495,200
6496,200
6497,117
6498,42
6499,200
6500,177
6501,200
6503,200
6551,80
6506,99
6507,62
6508,108
6509,200
6510,87
6511,180
6552,192
6553,200
6554,200
6602,126
6609,200
6608,170
6607,200
6606,200
6605,184
6603,200
6601,200
6611,130
6600,200
6599,200
6598,200
6597,79
6596,200
6505,135
6512,200
6494,81
6630,200
6549,200
6548,70
6547,200
6545,200
6543,200
6535,61
6542,200
6541,200
6540,200
6539,200
6538,180
6536,163
6515,200
6513,47
6484,69
6492,54
6491,62
6490,200
6488,23
6487,200
6486,200
6485,144
6483,200
6493,167
6482,94
6481,83
6480,200
6479,102
6478,192
6477,200
6595,200
6610,200
6613,200
6589,61
6574,200
6575,200
6576,200
6577,116
6578,200
6579,41
6580,130
6581,200
6583,200
6584,200
6585,68
6586,200
6587,200
6588,200
6590,200
6557,200
6782,157
6784,200
7095,200
6993,200
6999,200
6998,167
6997,200
6996,200
6995,171
6994,200
6992,200
7001,200
6991,158
6990,200
6573,200
6559,46
6555,200
6615,200
6623,39
6629,45
6628,200
6627,200
6626,200
6625,200
6624,109
6622,200
6614,200
6621,55
6620,200
6618,57
6617,200
6616,130
6594,124
6560,200
6593,200
6592,200
6565,200
6572,200
6571,170
6570,130
6569,200
6568,50
6567,200
6564,200
6591,200
6563,200
6562,106
6561,200
6550,200
6544,200
7291,200
6705,200
6760,200
6761,175
6762,200
6756,200
6783,200
6707,200
6652,200
6514,129
6653,200
6654,200
6655,25
6656,19
6657,200
6651,149
6759,200
6758,180
6757,162
6755,52
6764,200
6754,200
6753,135
6752,200
6751,200
6750,200
6749,200
6763,200
6765,49
6747,200
6775,160
6781,200
6780,40
6659,30
6662,200
6663,200
6642,200
6694,13
6693,200
6692,200
6691,107
6690,200
6671,192
6669,200
6706,132
6641,200
6647,114
6646,15
6645,162
6644,64
6643,200
6640,200
6664,195
6649,200
6639,200
6638,117
6637,200
6636,200
6635,178
6634,200
6648,200
6650,200
6668,200
6661,200
6667,92
6666,200
6665,200
6779,200
6778,200
6777,200
6531,200
6739,200
6738,200
6736,200
6728,164
6735,200
6734,117
6733,200
6732,200
6730,179
6729,200
6633,200
6632,200
6631,192
6523,200
6530,154
6742,200
6529,102
6527,200
6526,200
6524,200
6522,200
6533,200
6521,200
6520,94
6519,200
6518,200
6517,200
6516,169
6532,200
6534,103
6741,200
6743,200
6776,170
6721,200
6774,200
6766,200
6773,200
6772,200
6770,200
6769,200
6768,200
6767,200
6748,200
6746,200
6708,126
6717,200
6723,200
6722,200
6720,200
6744,200
6719,200
6718,200
6716,200
6726,161
6715,200
6714,200
6713,154
6712,111
6710,200
6709,29
6724,111
6727,200
6745,38
6737,200
6989,200
6988,200
6987,200
6789,73
6817,150
6824,200
6805,200
6803,156
6787,200
6788,200
6790,200
6986,200
6791,200
6792,200
6804,200
6793,200
6796,200
6797,200
6823,200
6822,70
6821,132
6820,200
6819,200
6818,200
6815,200
6806,195
6814,200
6813,200
6812,200
6810,200
6809,200
6807,200
6867,67
6868,136
6870,33
6798,200
6800,53
6801,200
6863,46
6837,22
6846,191
6835,168
6834,200
6833,200
6832,200
6830,200
6828,200
6845,200
6847,200
6826,200
6857,109
6866,148
6864,200
6861,82
6802,200
6860,181
6859,200
6856,118
6849,49
6855,192
6854,200
6853,200
6852,171
6851,200
6850,101
6827,200
6825,200
6943,200
6795,200
6916,200
6922,200
6921,124
6888,200
6885,200
6883,200
6882,200
6881,200
6880,200
6878,95
6905,59
6877,125
6876,200
6875,170
6874,42
6873,200
6872,200
6887,200
6890,200
6879,200
6891,104
6892,152
6893,79
6894,200
6895,200
6896,200
6897,101
6898,96
6899,200
6900,116
6901,176
6902,59
6903,200
6904,67
6886,200
6906,200
6920,200
6936,200
6919,200
6918,200
6917,200
6915,200
6924,163
6914,200
6913,148
6912,200
6911,104
6910,178
6909,60
6923,83
6926,142
6871,200
6942,189
6907,52
6941,200
6940,200
6939,200
6938,200
6937,187
6935,200
6927,145
6934,200
6933,200
6932,200
6931,200
6929,200
6928,200
6908,79
6839,200
6840,163
6841,200
6972,200
6948,200
6947,200
6963,200
6965,200
6982,200
6974,192
6981,200
6979,200
6978,200
6977,200
6976,200
6975,113
6973,200
6966,200
6971,200
6950,200
6970,200
6969,200
6968,200
6967,200
7020,200
7022,135
6785,200
7069,200
7075,137
7074,200
7073,30
7072,200
7071,200
7070,200
6949,192
6951,200
7077,101
7007,200
7000,200
7002,76
6984,200
7012,200
7019,200
7018,200
7017,200
7015,200
7014,200
7013,200
7011,200
7003,200
7009,200
7008,200
7006,104
6952,163
7005,200
7004,200
6985,200
6983,64
7021,200
6955,200
6962,164
6961,200
6960,200
6959,200
6958,200
6957,142
6954,200
6964,200
7068,96
7067,195
6842,200
7053,192
7030,200
7029,200
7028,200
7027,119
7025,200
7024,200
7039,200
7041,200
7058,59
7051,84
7057,178
7056,200
7055,199
7054,200
7052,200
7031,200
7050,200
7042,200
7049,200
7048,65
7047,200
7045,200
7044,200
7043,96
6946,200
6945,199
6944,200
6838,200
6844,200
6843,200
7040,200
7033,200
7066,200
7087,200
7065,200
7064,169
7063,200
7062,95
7076,200
7078,200
7060,91
7088,200
7094,200
7093,37
7092,63
7091,192
7090,200
7089,200
7079,200
7034,199
7086,200
7085,194
7084,200
7083,99
7082,199
7081,158
7061,200
7059,200
7023,200
7032,200
7038,79
7037,200
7036,200
7035,200
6695,200
6689,199
6696,29
7178,140
7246,200
7247,200
7249,171
7250,200
7251,200
7243,192
7233,200
7612,200
7231,87
7216,28
7217,116
7218,200
7219,200
7221,72
7244,155
7242,200
7234,133
7241,162
7240,200
7239,200
7238,200
7236,200
7235,66
7215,60
7214,200
7213,200
7186,65
7193,200
7192,200
7191,200
7190,200
7222,177
7232,174
7223,79
7119,200
7101,200
7100,55
7099,200
7116,30
7118,200
7137,93
7129,166
7136,81
7134,111
7133,200
7132,87
7131,49
7130,160
7127,27
7125,200
7225,158
7124,185
7123,200
7122,200
7121,200
7120,200
7175,159
7176,200
7177,200
7224,200
7230,200
7229,93
7228,200
7227,200
7226,153
7188,200
7187,57
7185,200
7671,200
7656,84
7645,200
7644,200
7643,200
7642,200
7641,57
7640,200
7655,50
7657,200
7638,89
7668,200
7674,43
7673,200
7672,43
7670,110
7648,200
7669,104
7666,58
7658,200
7665,200
7664,52
7662,200
7661,139
7660,200
7659,138
7639,200
7637,200
7676,113
7608,200
7614,200
7646,200
7649,200
7212,200
7202,200
7184,200
7183,163
7182,200
7181,200
7180,53
7179,200
7194,200
7195,200
7196,200
7197,200
7198,200
7199,200
7200,122
7201,49
7203,200
7650,200
7204,200
7205,200
7206,156
7207,159
7209,200
7210,200
7211,200
7414,151
7416,200
7097,200
7647,200
7654,110
7652,191
7651,52
7102,143
7103,200
7105,200
7397,88
7405,200
7413,136
7411,200
7410,164
7409,200
7407,200
7406,200
7404,200
7396,200
7402,192
7401,200
7400,200
7399,200
7398,200
7375,200
7395,147
7372,200
7334,148
7343,200
7349,200
7348,200
7347,163
7346,200
7345,200
7344,200
7342,188
7351,200
7341,200
7340,200
7339,200
7374,19
7393,200
7336,200
7333,200
7290,200
7288,47
7286,200
7284,119
7283,200
7281,90
7274,200
7280,200
7279,200
7278,200
7277,200
7276,84
7275,123
7331,128
7415,200
7376,200
7384,200
7392,200
7391,200
7390,200
7389,88
7386,200
7385,88
7383,200
7394,200
7382,138
7381,200
7380,151
7379,200
7378,200
7338,200
7335,114
7117,71
7164,200
7141,200
7155,163
7157,200
7139,60
7167,165
7174,51
7173,103
7172,155
7170,200
7169,200
7168,200
7166,200
7158,200
7165,200
7163,200
7143,57
7162,200
7160,53
7159,152
7140,45
7138,38
7252,200
7108,200
7115,200
7114,200
7113,200
7112,159
7111,95
7109,200
7106,200
7142,77
7144,164
7350,159
7358,200
7353,144
7371,200
7363,200
7370,186
7369,200
7367,200
7366,52
7365,135
7364,200
7362,200
7354,200
7361,200
7360,152
7359,200
7356,200
7145,70
7355,200
7256,200
7254,200
7253,200
7148,68
7154,176
7153,127
7152,200
7151,200
7150,200
7149,70
7147,103
7156,200
7146,189
7613,200
7611,200
6698,200
7575,178
7565,90
7579,200
7567,200
7569,200
7571,200
7572,200
7576,200
7610,200
7577,200
7568,200
7515,200
7514,200
7513,200
7445,200
7564,200
7563,200
7561,200
7559,200
7558,200
7578,200
7580,200
7516,200
7589,200
7595,200
7594,200
7593,200
7592,200
7591,200
7590,200
7588,200
7581,200
7446,200
7447,200
7448,200
7424,200
7466,200
7596,200
7429,138
7436,200
7435,200
7434,200
7432,159
7431,200
7430,200
7428,200
7441,200
7427,200
7426,200
7425,200
7421,200
7449,180
7419,200
7437,200
7443,50
7465,200
7455,83
7464,200
7463,91
7462,200
7458,200
7457,200
7456,200
7453,129
7444,200
7452,200
7587,200
7586,200
7585,200
6687,200
7550,200
7551,200
7552,200
7098,200
7096,200
6476,200
6679,81
6685,200
6684,117
6683,173
6682,200
6681,200
6680,200
6678,200
6677,31
7547,200
6676,200
6675,200
6674,200
6673,200
6672,200
6686,200
6688,200
6670,200
6697,200
6704,78
6702,200
6701,200
6700,23
6699,200
7548,200
7546,200
7584,200
7523,96
7583,200
7582,200
7557,200
7555,200
7554,200
7527,200
7533,200
7532,200
7531,198
7530,200
7529,200
7528,122
7525,200
7553,200
7522,200
7545,200
7521,200
7520,187
7519,200
7517,200
7535,31
7536,200
7537,200
7538,200
7539,200
7540,200
7541,200
7542,200
7543,200
7544,200
7470,200
7498,77
7499,200
7744,200
7729,200
7728,200
7727,200
7725,200
7734,200
7724,30
7723,200
7722,130
7721,112
7720,200
7718,200
7733,200
7735,200
7716,200
7751,34
7731,200
7750,169
7749,200
7747,196
7746,200
7745,153
7743,179
7736,200
7742,200
7741,200
7740,200
7739,113
7738,200
7737,200
7717,200
7730,200
7732,117
7679,200
7633,182
7609,200
7607,200
7616,200
7606,200
7605,200
7604,200
7603,200
7602,200
7601,200
7615,200
7617,200
7636,200
7628,200
7634,200
7632,200
7726,200
7631,32
7630,200
7629,200
7626,200
7618,200
7625,200
7624,200
7623,200
7622,200
7621,200
7620,200
7675,46
7677,200
7417,200
7715,121
7687,144
7500,176
7473,200
7480,200
7493,200
7492,200
7489,200
7484,200
7483,200
7482,200
7479,200
7495,200
7478,200
7477,200
7476,200
7475,200
7474,200
7494,200
7599,200
7496,200
7469,200
7505,143
7511,200
7510,167
7509,188
7508,200
7507,200
7506,200
7504,144
7497,200
7503,200
7502,200
7501,200
7597,200
7600,200
7693,200
7696,162
7692,188
7691,200
7690,125
7689,200
7688,159
7686,200
7695,173
7685,200
7684,200
7683,103
7682,200
7681,114
7680,74
7694,200
7714,41
7698,92
7706,77
7713,135
7712,200
7711,200
7710,200
7708,200
7707,179
7705,100
7697,200
7704,51
7703,200
7702,200
7701,200
7700,84
6101,200
6086,112
8505,200
8344,200
8338,200
8358,200
8356,121
8341,200
8342,124
8343,200
8345,200
8234,36
8347,128
8357,95
8348,200
8350,180
8351,200
8352,184
8367,200
8373,62
8372,102
8371,200
8370,168
8369,110
8368,200
8366,181
8359,97
8365,200
8364,200
8363,200
8362,142
8361,80
8360,200
8339,85
8337,200
8353,200
8354,200
8355,69
8256,137
8232,200
8230,169
8239,200
8229,200
8228,200
8226,64
8225,97
8224,200
8223,57
8238,200
8240,200
8258,27
8250,200
8257,200
8255,95
8349,200
8254,200
8253,200
8251,200
8249,200
8241,200
8248,200
8247,98
8246,200
8245,200
8244,173
8242,200
8298,200
8300,200
8063,200
8301,200
8310,200
8316,200
8120,200
8119,200
8118,200
8116,200
8115,200
8113,200
8112,187
8110,200
8121,200
8109,200
8108,200
8107,200
8106,200
8105,133
8104,200
8122,200
8220,146
8102,174
8131,200
8137,200
8136,174
8135,151
8134,200
8133,200
8132,200
8130,200
8123,200
8129,200
8128,200
8127,200
8126,31
8111,200
8221,200
8315,200
8336,200
8314,200
8313,31
8312,121
8311,178
8309,39
8318,200
8308,108
8307,200
8306,200
8305,200
8303,200
8302,200
8317,129
8320,176
8329,200
8222,200
8335,117
8334,189
8333,200
8332,200
8331,200
8330,200
8328,200
8321,100
8327,200
8326,200
8325,200
8324,200
8323,188
8322,200
8233,63
8235,200
7761,200
7835,200
7901,200
7902,200
7903,200
7904,200
7905,200
7898,200
7889,200
8236,200
7887,136
7873,147
7874,200
7875,46
7876,179
7877,147
7900,140
7897,200
7890,190
7896,139
7895,200
7894,200
7893,200
7892,200
7891,200
7872,56
7871,72
7870,200
7844,200
7851,199
7850,200
7849,200
7848,200
7878,200
7888,148
7879,200
7775,200
7759,26
7758,200
7756,200
7771,200
7774,200
7792,200
7783,153
7791,200
7789,200
7788,200
7786,200
7785,200
7784,200
7782,200
7781,200
7881,200
7780,71
7779,193
7778,200
7777,200
7776,160
7832,200
7833,200
7834,200
7880,140
7886,167
7885,38
7884,200
7883,200
7882,80
7846,200
7845,200
7843,200
8294,173
8279,200
8268,200
8267,200
8265,200
8264,200
8263,200
8262,200
8278,170
8280,200
8260,200
8291,94
8297,200
8296,200
8295,200
8293,200
8272,200
8292,200
8290,200
8281,200
8288,200
8287,90
8286,200
8285,172
8284,91
8282,26
8261,200
8259,200
8299,200
8231,155
8237,116
8270,200
8273,200
7869,140
7860,200
7842,200
7841,200
7840,200
7839,174
7838,200
7836,200
7852,200
7853,157
7854,200
7855,200
7856,200
7857,200
7858,200
7859,200
7861,163
8274,200
7862,200
7863,200
7864,200
7865,200
7866,200
7867,200
7868,112
8060,84
8062,200
8374,135
8271,200
8277,200
8276,200
8275,200
8125,194
8124,200
8103,107
9862,124
9919,25
9920,200
9922,200
9913,22
9945,200
9864,200
9803,110
8101,200
9804,200
9806,200
9807,200
9809,197
9810,133
9802,200
9916,200
9915,200
9914,50
9912,94
9924,153
9911,88
9910,200
9909,200
9908,200
9907,200
9906,200
9923,200
9925,16
9904,133
9934,200
9942,200
9941,200
9811,200
9814,76
9815,150
9792,200
9849,79
9848,200
9847,66
9846,188
9844,200
9823,136
9821,45
9863,61
9791,200
9797,200
9796,200
9795,200
9794,74
9793,200
9790,200
9816,200
9799,166
3653,200
9788,200
9787,164
9785,200
9784,200
9783,200
9798,95
9801,200
9820,93
9813,200
9819,64
9818,200
9817,186
9939,158
9938,200
9937,162
9671,84
9894,200
9893,104
9891,102
9884,200
9890,200
9889,118
9888,57
9887,200
9886,200
9885,172
9782,16
9781,200
9780,183
9665,200
9670,200
9898,200
9669,200
9668,200
9667,36
9666,200
9664,200
9675,110
9663,200
9662,200
9661,200
9659,200
9658,200
9657,200
9673,200
9677,200
9896,179
9899,121
9936,200
9878,200
9933,200
9926,199
9932,46
9931,200
9930,200
9929,150
9928,200
9927,200
9905,68
9902,82
9865,200
9873,119
9880,200
9879,200
9877,112
9900,192
9876,200
9874,200
9872,200
9882,200
9871,200
9870,192
9869,200
9868,200
9867,200
9866,200
9881,200
9883,99
9901,52
9892,200
9850,100
9843,122
9851,200
8187,200
8139,200
8140,200
8141,200
8191,200
8197,200
8196,155
8195,200
8194,89
8193,200
8192,200
8190,184
8199,183
8189,86
8188,200
8186,159
8085,181
8184,40
8183,166
8198,200
8201,200
8142,200
8210,40
8218,200
8217,200
8216,200
8215,200
8212,97
8211,200
8209,200
8202,35
8083,146
8087,193
8207,200
8065,112
8219,61
8072,123
8078,200
8077,200
8076,200
8075,200
8074,100
8073,153
8070,200
8080,200
8069,200
8068,200
8067,200
8066,191
8064,200
8088,200
8079,200
8081,200
8100,200
8093,200
8099,200
8098,200
8097,200
8096,200
8095,200
8094,200
8091,200
8082,200
8090,200
8089,200
8208,200
8206,200
9853,138
9841,200
8176,114
8177,122
8178,200
8992,200
8993,200
8994,200
9833,185
9839,44
9838,74
9837,104
9836,200
9835,64
9834,85
9832,30
9830,200
8174,96
9829,200
9828,200
9827,102
9825,200
9824,117
9840,200
9842,139
9822,135
9852,200
9861,148
9860,200
9859,200
9857,200
9854,200
8175,200
8173,71
8205,124
8149,200
8204,200
8203,200
8182,163
8181,200
8180,200
8151,144
8158,200
8157,200
8155,200
8154,200
8153,200
8152,200
8150,200
8179,161
8148,124
8172,200
8147,200
8146,200
8144,200
8143,200
8159,123
8160,200
8161,200
8164,200
8165,200
8166,200
8168,136
8169,200
8170,41
8171,200
7760,194
7762,200
6123,200
8932,200
8935,200
8926,119
8928,200
8929,200
8930,101
8931,94
8933,200
8862,17
8927,200
8918,170
8955,200
8957,138
8978,200
8979,79
8925,92
8924,135
8923,78
8922,200
8921,70
8920,200
8934,164
8936,168
8954,200
8946,200
8953,200
8951,147
8950,200
8949,33
8948,55
8947,200
8945,151
8980,200
8981,111
8982,200
8961,200
8914,149
8917,200
8686,200
8966,200
8973,200
8972,200
8971,200
8970,185
8968,200
8967,200
8964,200
8975,78
8963,200
8962,200
8960,200
8983,200
8959,200
8958,200
8974,200
8976,123
8956,163
8985,193
8991,131
8990,100
8989,200
8988,197
8987,200
8986,200
8984,200
8977,200
8937,132
8944,142
8943,200
8697,200
8752,200
8750,177
8749,200
8748,200
8746,200
8726,200
8723,200
8837,200
8696,200
8702,200
8701,200
8700,144
8699,200
8698,200
8695,200
8745,200
8704,104
8694,200
8693,197
8691,200
8690,200
8689,200
8688,200
8703,80
8705,200
8721,200
8714,200
8720,200
8719,105
8718,114
8753,100
8754,200
8942,200
8743,96
8941,200
8939,200
8938,183
8841,200
8839,200
8838,200
8734,170
8740,170
8739,98
8738,200
8737,101
8736,124
8735,110
8733,200
8732,200
8756,200
8731,200
8730,200
8729,200
8728,200
8727,200
8741,94
8744,200
8725,200
8755,136
8761,200
8760,200
8759,52
8758,110
8757,139
8861,200
8863,200
7772,200
8458,151
8468,200
8453,200
8454,200
8455,96
8456,198
8457,63
8469,200
8864,163
8459,28
8461,45
8462,200
8463,200
8464,200
8465,114
8470,200
8487,188
8479,200
8486,126
8485,148
8484,199
8483,200
8482,200
8481,200
8478,75
8471,200
8477,200
8476,139
8475,200
8474,200
8473,123
8472,194
8467,200
8460,39
8452,200
8519,200
8503,200
8502,124
8501,200
8499,200
8509,118
8498,200
8497,174
8495,185
8494,200
8492,182
8491,200
8508,29
8510,200
8489,200
8525,200
8488,200
8524,200
8523,200
8522,46
8521,200
8520,200
8518,163
8511,109
8517,200
8516,200
8515,129
8514,200
8513,200
8512,200
8490,137
8683,200
8684,200
8685,124
8843,200
8916,200
8850,200
8856,200
8855,114
8854,139
8853,66
8852,200
8851,200
8849,200
8858,184
8848,200
8847,164
8845,200
8844,29
8842,200
8879,104
8857,56
8859,200
8876,74
8869,63
8875,200
8874,200
8873,13
8872,171
8871,74
8870,200
8867,152
8860,200
8866,71
8865,25
8877,200
8899,200
8887,200
8895,200
8894,200
8893,112
8891,200
8890,32
8889,200
8888,103
8886,200
8896,76
8885,200
8884,59
8883,110
8882,90
8881,26
8880,97
8897,69
8900,196
8878,200
8906,200
8913,200
8912,149
8911,200
8909,200
8908,200
8907,182
8905,200
8898,47
8904,200
8903,200
8902,200
8901,200
8717,200
8716,109
8715,200
8054,200
8048,200
8049,200
8050,200
8051,200
8045,56
8052,129
8055,93
8713,111
8056,92
8057,200
8058,74
8059,198
8053,200
8026,200
8047,143
8046,200
8027,200
8025,200
7989,200
7997,200
8004,76
8003,156
8001,42
8000,200
7999,200
7998,130
7996,200
8006,200
7995,200
7994,178
7993,104
8044,27
8042,73
8028,200
7986,200
7944,200
7943,196
7941,200
7940,200
7939,200
7938,89
7936,200
7928,200
7935,200
7934,200
7932,200
7931,200
7930,135
7929,200
7988,200
8029,200
8061,124
8035,27
8041,50
8040,182
8039,147
8038,200
8037,200
8036,200
8034,200
8043,66
8033,200
8032,80
8031,136
8030,200
7992,200
7991,200
7990,133
7821,200
7797,200
7813,200
7815,200
7795,200
7824,200
7831,200
7830,200
7829,200
7828,200
7827,200
7826,143
7823,200
7816,200
7822,200
7820,200
7799,200
7819,200
7818,200
7817,200
7796,200
7794,200
7906,200
7764,200
7770,200
7769,200
7768,200
7767,173
7766,200
7765,200
7763,200
7798,200
7800,200
8005,123
8011,200
8007,200
8024,189
8017,200
8023,200
8022,165
8021,200
8020,200
8019,200
8018,195
8015,20
8008,200
8014,200
8013,44
8012,200
8010,200
7801,198
8009,42
7909,30
7908,190
7907,200
7804,171
7812,200
7810,200
7809,200
7807,200
7806,200
7805,200
7803,114
7814,200
7802,200
7937,84
7946,200
7927,161
8778,139
8830,200
8828,200
8819,200
8827,200
8826,200
8824,200
8822,200
8821,164
8820,200
8801,200
8800,199
8799,173
8773,117
8779,110
8777,200
8833,200
8776,105
8775,200
8774,188
8772,200
8798,193
8771,200
8770,116
8769,200
8768,200
8767,200
8766,186
8780,109
8781,200
8782,200
8831,200
8834,190
8784,200
8812,200
8706,200
8712,80
8711,200
8710,200
8709,200
8708,200
8707,200
8762,200
8763,200
8764,200
8809,93
8815,200
8814,200
8813,200
8811,200
8835,122
8810,200
8808,200
8817,200
8807,200
8806,200
8805,200
8804,185
8803,143
8802,87
8816,200
8818,122
8765,200
8829,200
8836,200
8783,136
8785,75
7925,200
7987,105
7983,200
7982,200
7981,200
7980,200
7978,200
7970,200
7977,71
7976,200
7974,200
7973,200
7972,108
7971,165
7950,200
7947,200
7917,200
7985,200
7924,118
7923,200
7922,200
7921,110
7920,200
7918,200
7916,200
7926,35
7915,200
7914,168
7913,200
7912,200
7911,200
7910,200
7984,200
7979,200
8786,200
7965,200
8787,41
8788,200
8790,34
8791,200
8792,200
8793,200
8794,200
8795,200
8796,138
8797,200
8377,160
8376,166
8375,124
7958,200
7964,200
7948,188
7963,200
7962,200
7961,200
7959,200
7957,200
7968,200
7956,200
7955,200
7954,200
7953,200
7952,200
7951,200
7967,180
7969,170
9653,200
9687,200
9694,200
9525,200
9499,200
9501,193
9520,180
9521,200
9522,200
9524,200
9526,200
9099,200
9519,200
9527,147
9529,200
9530,200
9531,200
9532,162
9536,200
9471,200
9478,200
9477,112
9476,112
9475,200
9474,200
9472,62
9470,94
9480,45
9469,200
9468,105
9467,200
9465,200
9464,200
9463,88
9479,200
9533,200
9534,200
9528,12
9515,200
9101,83
9102,58
9104,200
9105,200
9106,89
9107,200
9108,200
9109,16
9110,200
9111,200
9307,200
9309,200
9611,28
9509,200
9514,49
9500,200
9513,200
9512,200
9511,200
9510,200
9508,200
9517,200
9507,170
9506,43
9505,200
9504,200
9503,58
9502,120
9516,200
9518,200
9481,200
9498,86
9491,50
9597,200
9604,200
9610,200
9609,200
9608,200
9607,135
9606,200
9605,16
9603,86
9595,200
9602,58
9601,200
9600,62
9599,130
9598,200
9575,174
9594,200
9573,163
9538,200
9547,200
9553,200
9552,200
9551,200
9550,200
9549,200
9548,200
9546,200
9555,200
9544,200
9543,200
9542,200
9574,200
9590,17
9497,195
9537,200
9496,200
9495,200
9494,200
9493,132
9492,200
9490,200
9482,184
9489,200
9488,200
9487,195
9486,200
9485,73
9483,200
9535,84
9310,200
9576,182
9583,186
9589,200
9588,91
9587,200
9586,200
9585,200
9584,200
9582,80
9593,200
9581,200
9580,200
9579,200
9578,200
9577,67
9100,200
9098,200
9693,200
9036,200
9009,170
9010,140
9011,200
9013,200
9005,200
9151,200
9038,200
9097,200
9058,200
9059,138
9060,141
9061,139
9062,200
9063,174
9008,200
9006,142
9003,200
9015,200
9002,200
9001,200
9000,200
8999,200
8998,200
8996,182
9014,200
9016,200
9035,200
9028,200
9034,200
9033,200
9032,180
9056,200
9065,70
9067,116
9045,200
9257,183
9256,200
9255,200
9254,200
9154,200
9153,200
9152,200
9046,175
9052,200
9051,200
9050,183
9049,64
9048,200
9047,164
9054,200
9068,200
9044,200
9043,200
9042,200
9041,200
9040,200
9039,200
9053,200
9055,200
9037,200
9066,200
9072,200
9071,200
9070,200
9069,200
9031,137
9030,200
9029,144
9091,67
9144,145
9142,200
9134,200
9141,146
9140,200
9139,187
9137,200
9136,200
9135,52
9115,72
9114,173
9113,200
9086,74
9092,58
9090,109
9146,200
9089,200
9088,128
9087,200
9085,200
9112,82
9084,200
9083,200
9082,103
9080,170
9079,200
9078,33
9093,67
9094,60
9096,200
9145,68
9147,80
9027,181
9127,171
9018,137
9025,200
9024,200
9023,200
9021,200
9020,200
9019,162
9073,200
9074,200
9075,53
9123,196
9130,144
9129,200
9128,200
9126,164
9149,200
9125,98
9122,200
9132,200
9121,200
9120,11
9119,117
9118,200
9117,200
9116,69
9131,168
9133,199
9076,87
9143,150
9150,76
9541,130
9540,200
9539,147
6049,200
6081,200
6082,196
6075,200
6047,200
6066,124
6064,200
6050,200
9554,200
6051,200
6052,200
6053,200
6054,200
6065,116
6055,188
6080,200
6079,200
6078,197
6076,200
6074,200
6067,95
6073,61
6072,200
6071,200
6070,200
6069,200
6068,173
6048,200
6046,150
6084,32
6018,102
6024,200
6057,200
6058,200
6059,200
9410,69
9420,200
9393,200
9392,200
9391,200
9390,167
9389,121
9388,39
9403,200
9404,70
9405,156
9406,200
9407,200
9408,200
9409,58
9411,36
6060,200
9412,200
9413,198
9414,119
9415,35
9416,200
9417,200
9418,96
9419,200
7755,69
7754,161
7753,200
6056,55
6062,200
6061,200
6023,200
6022,120
6021,200
6155,113
6138,109
6137,200
6136,200
6134,120
6144,200
6133,180
6131,200
6130,200
6128,200
6127,49
6126,200
6143,200
6145,183
6124,46
6163,72
6140,134
6160,200
6159,167
6158,200
6157,200
6156,200
6154,200
6146,200
6153,200
6152,200
6151,169
6150,186
6149,200
6148,82
6125,200
6139,18
6141,200
6020,89
6043,200
6019,200
6017,200
6026,115
6015,200
6014,200
6013,96
6012,200
6011,200
6010,200
6025,200
6027,170
6045,173
6037,200
6044,200
